--
-- PostgreSQL database dump
--

-- Dumped from database version 17.2
-- Dumped by pg_dump version 17.2

SET statement_timeout = 0;
SET lock_timeout = 0;
SET idle_in_transaction_session_timeout = 0;
SET transaction_timeout = 0;
SET client_encoding = 'UTF8';
SET standard_conforming_strings = on;
SELECT pg_catalog.set_config('search_path', '', false);
SET check_function_bodies = false;
SET xmloption = content;
SET client_min_messages = warning;
SET row_security = off;

SET default_tablespace = '';

SET default_table_access_method = heap;

--
-- Name: AspNetRoleClaims; Type: TABLE; Schema: public; Owner: postgres
--

CREATE TABLE public."AspNetRoleClaims" (
    "Id" integer NOT NULL,
    "RoleId" text NOT NULL,
    "ClaimType" text,
    "ClaimValue" text
);


ALTER TABLE public."AspNetRoleClaims" OWNER TO postgres;

--
-- Name: AspNetRoleClaims_Id_seq; Type: SEQUENCE; Schema: public; Owner: postgres
--

ALTER TABLE public."AspNetRoleClaims" ALTER COLUMN "Id" ADD GENERATED BY DEFAULT AS IDENTITY (
    SEQUENCE NAME public."AspNetRoleClaims_Id_seq"
    START WITH 1
    INCREMENT BY 1
    NO MINVALUE
    NO MAXVALUE
    CACHE 1
);


--
-- Name: AspNetRoles; Type: TABLE; Schema: public; Owner: postgres
--

CREATE TABLE public."AspNetRoles" (
    "Id" text NOT NULL,
    "Name" character varying(256),
    "NormalizedName" character varying(256),
    "ConcurrencyStamp" text
);


ALTER TABLE public."AspNetRoles" OWNER TO postgres;

--
-- Name: AspNetUserClaims; Type: TABLE; Schema: public; Owner: postgres
--

CREATE TABLE public."AspNetUserClaims" (
    "Id" integer NOT NULL,
    "UserId" text NOT NULL,
    "ClaimType" text,
    "ClaimValue" text
);


ALTER TABLE public."AspNetUserClaims" OWNER TO postgres;

--
-- Name: AspNetUserClaims_Id_seq; Type: SEQUENCE; Schema: public; Owner: postgres
--

ALTER TABLE public."AspNetUserClaims" ALTER COLUMN "Id" ADD GENERATED BY DEFAULT AS IDENTITY (
    SEQUENCE NAME public."AspNetUserClaims_Id_seq"
    START WITH 1
    INCREMENT BY 1
    NO MINVALUE
    NO MAXVALUE
    CACHE 1
);


--
-- Name: AspNetUserLogins; Type: TABLE; Schema: public; Owner: postgres
--

CREATE TABLE public."AspNetUserLogins" (
    "LoginProvider" text NOT NULL,
    "ProviderKey" text NOT NULL,
    "ProviderDisplayName" text,
    "UserId" text NOT NULL
);


ALTER TABLE public."AspNetUserLogins" OWNER TO postgres;

--
-- Name: AspNetUserRoles; Type: TABLE; Schema: public; Owner: postgres
--

CREATE TABLE public."AspNetUserRoles" (
    "UserId" text NOT NULL,
    "RoleId" text NOT NULL
);


ALTER TABLE public."AspNetUserRoles" OWNER TO postgres;

--
-- Name: AspNetUserTokens; Type: TABLE; Schema: public; Owner: postgres
--

CREATE TABLE public."AspNetUserTokens" (
    "UserId" text NOT NULL,
    "LoginProvider" text NOT NULL,
    "Name" text NOT NULL,
    "Value" text
);


ALTER TABLE public."AspNetUserTokens" OWNER TO postgres;

--
-- Name: AspNetUsers; Type: TABLE; Schema: public; Owner: postgres
--

CREATE TABLE public."AspNetUsers" (
    "Id" text NOT NULL,
    "FirstName" text NOT NULL,
    "LastName" text NOT NULL,
    "Created" timestamp with time zone NOT NULL,
    "IsActive" boolean NOT NULL,
    "UserName" character varying(256),
    "NormalizedUserName" character varying(256),
    "Email" character varying(256),
    "NormalizedEmail" character varying(256),
    "EmailConfirmed" boolean NOT NULL,
    "PasswordHash" text,
    "SecurityStamp" text,
    "ConcurrencyStamp" text,
    "PhoneNumber" text,
    "PhoneNumberConfirmed" boolean NOT NULL,
    "TwoFactorEnabled" boolean NOT NULL,
    "LockoutEnd" timestamp with time zone,
    "LockoutEnabled" boolean NOT NULL,
    "AccessFailedCount" integer NOT NULL
);


ALTER TABLE public."AspNetUsers" OWNER TO postgres;

--
-- Name: ChatMessages; Type: TABLE; Schema: public; Owner: postgres
--

CREATE TABLE public."ChatMessages" (
    "Id" integer NOT NULL,
    "Content" text NOT NULL,
    "SentAt" timestamp with time zone NOT NULL,
    "IsRead" boolean NOT NULL,
    "SenderId" text NOT NULL,
    "ReceiverId" text NOT NULL
);


ALTER TABLE public."ChatMessages" OWNER TO postgres;

--
-- Name: ChatMessages_Id_seq; Type: SEQUENCE; Schema: public; Owner: postgres
--

ALTER TABLE public."ChatMessages" ALTER COLUMN "Id" ADD GENERATED BY DEFAULT AS IDENTITY (
    SEQUENCE NAME public."ChatMessages_Id_seq"
    START WITH 1
    INCREMENT BY 1
    NO MINVALUE
    NO MAXVALUE
    CACHE 1
);


--
-- Name: Feedbacks; Type: TABLE; Schema: public; Owner: postgres
--

CREATE TABLE public."Feedbacks" (
    "Id" integer NOT NULL,
    "Rating" integer NOT NULL,
    "Comment" text NOT NULL,
    "CreatedAt" timestamp with time zone NOT NULL,
    "ReviewerId" text NOT NULL,
    "UserId" text NOT NULL
);


ALTER TABLE public."Feedbacks" OWNER TO postgres;

--
-- Name: Feedbacks_Id_seq; Type: SEQUENCE; Schema: public; Owner: postgres
--

ALTER TABLE public."Feedbacks" ALTER COLUMN "Id" ADD GENERATED BY DEFAULT AS IDENTITY (
    SEQUENCE NAME public."Feedbacks_Id_seq"
    START WITH 1
    INCREMENT BY 1
    NO MINVALUE
    NO MAXVALUE
    CACHE 1
);


--
-- Name: ListingPhotos; Type: TABLE; Schema: public; Owner: postgres
--

CREATE TABLE public."ListingPhotos" (
    "Id" integer NOT NULL,
    "Url" text NOT NULL,
    "IsMain" boolean NOT NULL,
    "PublicId" text NOT NULL,
    "ListingId" integer NOT NULL
);


ALTER TABLE public."ListingPhotos" OWNER TO postgres;

--
-- Name: ListingPhotos_Id_seq; Type: SEQUENCE; Schema: public; Owner: postgres
--

ALTER TABLE public."ListingPhotos" ALTER COLUMN "Id" ADD GENERATED BY DEFAULT AS IDENTITY (
    SEQUENCE NAME public."ListingPhotos_Id_seq"
    START WITH 1
    INCREMENT BY 1
    NO MINVALUE
    NO MAXVALUE
    CACHE 1
);


--
-- Name: Listings; Type: TABLE; Schema: public; Owner: postgres
--

CREATE TABLE public."Listings" (
    "Id" integer NOT NULL,
    "Title" text NOT NULL,
    "Measurement" text NOT NULL,
    "Quality" text NOT NULL,
    "Price" numeric NOT NULL,
    "CreatedAt" timestamp with time zone NOT NULL,
    "IsActive" boolean NOT NULL,
    "UserId" text NOT NULL,
    "Description" text DEFAULT ''::text NOT NULL
);


ALTER TABLE public."Listings" OWNER TO postgres;

--
-- Name: Listings_Id_seq; Type: SEQUENCE; Schema: public; Owner: postgres
--

ALTER TABLE public."Listings" ALTER COLUMN "Id" ADD GENERATED BY DEFAULT AS IDENTITY (
    SEQUENCE NAME public."Listings_Id_seq"
    START WITH 1
    INCREMENT BY 1
    NO MINVALUE
    NO MAXVALUE
    CACHE 1
);


--
-- Name: __EFMigrationsHistory; Type: TABLE; Schema: public; Owner: postgres
--

CREATE TABLE public."__EFMigrationsHistory" (
    "MigrationId" character varying(150) NOT NULL,
    "ProductVersion" character varying(32) NOT NULL
);


ALTER TABLE public."__EFMigrationsHistory" OWNER TO postgres;

--
-- Data for Name: AspNetRoleClaims; Type: TABLE DATA; Schema: public; Owner: postgres
--

COPY public."AspNetRoleClaims" ("Id", "RoleId", "ClaimType", "ClaimValue") FROM stdin;
\.


--
-- Data for Name: AspNetRoles; Type: TABLE DATA; Schema: public; Owner: postgres
--

COPY public."AspNetRoles" ("Id", "Name", "NormalizedName", "ConcurrencyStamp") FROM stdin;
\.


--
-- Data for Name: AspNetUserClaims; Type: TABLE DATA; Schema: public; Owner: postgres
--

COPY public."AspNetUserClaims" ("Id", "UserId", "ClaimType", "ClaimValue") FROM stdin;
\.


--
-- Data for Name: AspNetUserLogins; Type: TABLE DATA; Schema: public; Owner: postgres
--

COPY public."AspNetUserLogins" ("LoginProvider", "ProviderKey", "ProviderDisplayName", "UserId") FROM stdin;
\.


--
-- Data for Name: AspNetUserRoles; Type: TABLE DATA; Schema: public; Owner: postgres
--

COPY public."AspNetUserRoles" ("UserId", "RoleId") FROM stdin;
\.


--
-- Data for Name: AspNetUserTokens; Type: TABLE DATA; Schema: public; Owner: postgres
--

COPY public."AspNetUserTokens" ("UserId", "LoginProvider", "Name", "Value") FROM stdin;
\.


--
-- Data for Name: AspNetUsers; Type: TABLE DATA; Schema: public; Owner: postgres
--

COPY public."AspNetUsers" ("Id", "FirstName", "LastName", "Created", "IsActive", "UserName", "NormalizedUserName", "Email", "NormalizedEmail", "EmailConfirmed", "PasswordHash", "SecurityStamp", "ConcurrencyStamp", "PhoneNumber", "PhoneNumberConfirmed", "TwoFactorEnabled", "LockoutEnd", "LockoutEnabled", "AccessFailedCount") FROM stdin;
f06586a5-42e2-40c6-9e81-c840636be83f	Test	User	2025-03-26 05:02:07.626432+02	t	testuser	TESTUSER	test@example.com	TEST@EXAMPLE.COM	f	AQAAAAIAAYagAAAAEE7FjYdHtkJeQl97aTqGxsBigy5rtCxB/Uyeozn/KDCG72/N+nFYKkJC3tPUoXxdbA==	M4G4WS4WPY5WLH672LAXV6FIITSNK5S4	07d63eab-71ba-4200-8a0d-b02fb3d7031b	\N	f	f	\N	t	0
2a277eb6-cd9b-41ba-ba13-ef3512361d8a	Test1	User1	2025-03-26 05:09:45.546997+02	t	testuser1	TESTUSER1	test@example1.com	TEST@EXAMPLE1.COM	f	AQAAAAIAAYagAAAAEDTJthpN0zcu9zuxkByQzCGDn+KW97QgCJd8yeRlscR6LYsxbkG0wrmYjxLTH+gQOw==	YKZKMIPAKLMV5YSQZJYXYZ3WDJ4VLFWL	46558a0d-4dcd-498c-bca8-c4a77a2bcb6c	\N	f	f	\N	t	0
dcf7abe9-6a5c-4025-8751-45d2808a3a28	Robert George	Leustean	2025-03-26 05:38:57.430022+02	t	Robi	ROBI	leustean.robertgeorge@gmail.com	LEUSTEAN.ROBERTGEORGE@GMAIL.COM	f	AQAAAAIAAYagAAAAEIQoobNS+BImogI/bgfOXYeRCIDFqjAxCDdgI9hsn2pFQpDxdn1xXi3pgerItRwoqQ==	XOPHFOUFUL3DZOCJZBQC2S3263FDP6ZT	9d947edf-fe59-4a5b-84d9-3f0f222363cd	\N	f	f	\N	t	0
d62a6fff-42c2-406b-9eab-98e96a3e6cfe	robert	leustean	2025-04-01 01:39:21.040883+03	t	robert	ROBERT	robert@gmail.com	ROBERT@GMAIL.COM	f	AQAAAAIAAYagAAAAEN+eDgv7cPHcr5yWKBR+EhyoBSq4AJFJxD31IfGc3EReS8KAjnLey8CV9SIfTNq10Q==	2JZQMBWL6WKGIXO5NBHJGRTAZLJHDXIK	b2c9b041-2095-4583-a4cc-0f8729d89a1c	\N	f	f	\N	t	0
3a1af720-92d9-4493-9895-22e2d2c7f03b	george	leustean	2025-04-01 16:23:35.268007+03	t	george	GEORGE	george@gmail.com	GEORGE@GMAIL.COM	f	AQAAAAIAAYagAAAAEHvf4WcENE3leY37R4yloBPtZIS5if9j1IeHZGkUM1Gt/s89zMZoleMdZH4OXsYz8A==	L764DASC37WTAZP7DKBBUSZAWPAYKZQB	dc03ed5c-4a7c-41a8-80f5-457e4eace7b0	\N	f	f	\N	t	0
9c2792e0-85dc-4bbe-93d4-261f832e4ef3	username1	username2	2025-04-01 17:36:26.188965+03	t	username3	USERNAME3	username4@gmail.com	USERNAME4@GMAIL.COM	f	AQAAAAIAAYagAAAAEGkKfRlbld+d55EDQl+EhU/MbC/9es3m7jn0SXdUgOO+1Z6HwQW3gmqqYZVdRCT0Nw==	U7WHQJFK7YI4MMBDD62K5VG7GJM6MHB6	ea83de5d-a774-4eb6-ab0e-5124a96d3f87	\N	f	f	\N	t	0
89a6fcdc-9860-4c5f-a121-e0d07adb43d2	Bogdan	Leustean	2025-04-05 01:43:29.427563+03	t	bogdan	BOGDAN	bogdan@gmail.com	BOGDAN@GMAIL.COM	f	AQAAAAIAAYagAAAAEFytEv7Fm8kaT9Iu97PWrM/Dz3mV8CcXeUzfTPyYV9iC1SgqbmGDif/xHvqZ2oUoOQ==	NNSDQPKD4SWG62BLKOL3HJXESVUPJA2G	de4c0f08-332b-44b5-8a9d-6f04bafbbfe4	\N	f	f	\N	t	0
\.


--
-- Data for Name: ChatMessages; Type: TABLE DATA; Schema: public; Owner: postgres
--

COPY public."ChatMessages" ("Id", "Content", "SentAt", "IsRead", "SenderId", "ReceiverId") FROM stdin;
1	12345	2025-04-01 17:37:55.780037+03	t	9c2792e0-85dc-4bbe-93d4-261f832e4ef3	d62a6fff-42c2-406b-9eab-98e96a3e6cfe
2	yoo	2025-04-04 10:24:35.616354+03	t	d62a6fff-42c2-406b-9eab-98e96a3e6cfe	d62a6fff-42c2-406b-9eab-98e96a3e6cfe
3	dada	2025-04-04 10:24:46.151069+03	f	d62a6fff-42c2-406b-9eab-98e96a3e6cfe	d62a6fff-42c2-406b-9eab-98e96a3e6cfe
\.


--
-- Data for Name: Feedbacks; Type: TABLE DATA; Schema: public; Owner: postgres
--

COPY public."Feedbacks" ("Id", "Rating", "Comment", "CreatedAt", "ReviewerId", "UserId") FROM stdin;
\.


--
-- Data for Name: ListingPhotos; Type: TABLE DATA; Schema: public; Owner: postgres
--

COPY public."ListingPhotos" ("Id", "Url", "IsMain", "PublicId", "ListingId") FROM stdin;
4	/uploads/6c52a3e8-2a17-4374-8bf6-b534ed80e784.png	f	c5f48ad9-c42e-464c-b95b-6a85fa192276	3
6	/uploads/af7912b9-da70-447f-b6fe-7a2e5a9cc49c.png	t	3ce43235-3e27-4b13-9ee0-20b469d627af	5
7	/uploads/15675356-7751-4af5-90c9-78168e628ab5.png	f	693662aa-df41-4409-968b-29e1b571806f	5
8	/uploads/51f7d9ee-ae4b-4575-92b3-db5c34baada7.png	t	9ee21b1d-615a-4055-831a-0ac56d47dca8	6
9	/uploads/4363e083-f8d5-45a3-b2cd-6502f32f8d75.png	f	df8889ef-b929-48a5-8d4c-e5a135ec489a	6
10	/uploads/23ee59fd-e163-4f35-b264-9e3d38262fe0.png	f	e8b0bc40-f1c8-469f-a7a7-b3d7ffe1b382	6
11	/uploads/4c968330-ab49-4b80-acdc-12ad1faa82a0.png	t	151157d8-dc08-4806-a243-eedcd72faa5b	7
12	/uploads/9a27c0aa-3ed0-4b79-9cd9-87fc6b24aed0.png	f	41c57fc1-db98-4d62-9a66-4e79a05e13dc	7
13	/uploads/50b449ba-e6b3-4b89-aa93-8adeb39be62e.png	t	414518b2-88d5-4b6d-a887-648ed80869ff	8
14	/uploads/a51b023a-2e85-4d46-97bc-43a45c587fed.png	f	f1664d68-25cf-44cc-abdf-f322268bd8c9	8
15	/uploads/3dce53e7-cc38-4400-bade-13c3a206f602.png	t	0ddcf450-deae-4a1a-906f-ea5fa02a0c1d	9
16	/uploads/c23979fb-a5cd-443b-b38e-2722a7974473.png	f	77882f40-b1a4-4af1-afa3-e507715811e5	9
17	/uploads/d3a37dc6-80e6-4bac-a82d-faa76799665f.png	f	3b430642-7a0e-4865-b6ed-89ff83ea45cb	9
18	/uploads/28b56462-9e6b-4f45-a42e-4d3d33988d3c.png	t	862afe4e-9d76-4bc8-9066-7793f47b176f	10
19	/uploads/b695ee37-9d2a-44aa-bbc8-ccd9029d4bd4.png	f	a9d3afa8-2e10-4957-a9f0-fbd5b8c88557	10
20	/uploads/11b55203-553b-4383-80f8-8efd55d0236e.png	t	67aa4417-1a07-42cf-9934-5bf2b389f092	11
21	/uploads/15c977c6-ff26-4153-8069-7d61b33997f2.png	f	1cd8b365-aab6-4603-91bf-e1f84457dc65	11
22	/uploads/31c4a4b4-ec63-4912-a305-1ea356d062ec.png	t	8e0809d2-31ea-4cd0-8781-c76272d6db60	12
23	/uploads/6459d894-d855-412e-a34b-f9a0f2cec768.png	f	dc2f4f95-c03e-46cf-99fd-57384e50d830	12
24	/uploads/35ad484b-9577-4252-bb0a-45b09931b1ee.png	f	6671b3d5-937f-4a78-8dbf-d7fd9b4ce041	12
25	/uploads/58362205-a76a-47ef-b56e-16121b7446ce.png	t	ae57611b-936e-4805-9000-eb0ca5549c31	13
26	/uploads/8b2f61f7-0f87-4064-ac83-989b11ebbd13.png	f	569501b0-d2a6-46a1-a5fd-571ac3c5b698	13
27	/uploads/ae6a0eb6-7bb0-4d82-930a-b72d2c7d5360.png	t	b3b26eb0-ba82-435b-8765-e893ec76d879	14
28	/uploads/2ab88f12-b20f-47a9-8b2c-8d70293e666d.png	t	d650f9f9-16e2-429e-8623-48b1309dd4f1	15
29	/uploads/1b3cf51f-2557-4d64-9738-31cd5a576fc9.png	t	4557115f-f291-4ed4-8f18-562d7d8483da	16
30	/uploads/21ea389f-1de2-4987-afcf-bf29104d6ffd.png	t	ae917aac-f246-4a97-9b15-f2668470bc20	17
32	/uploads/4126a7c2-8a9a-44da-be5b-08ece0da4fee.png	t	daa1bac7-1577-4b42-a154-d1e593fd5158	19
33	/uploads/9bf90af9-81c1-4ac2-aeb8-15d702658ff3.png	f	2c0582af-ccf9-4703-8a4f-67a9e71511b1	19
34	/uploads/73005666-1c28-4625-9935-f72f9a1959a6.png	f	295f3d0f-6ecd-4371-bda4-2b1b9873c275	19
36	/uploads/5dba03d3-d8e0-4144-afd4-a250c9bc8950.png	t	11c2bf58-8a1c-4c83-a6d2-d84b8e2591a9	20
37	/uploads/1351d42c-7105-4c40-8876-d5e5fc35f6f4.png	f	3d65d088-6425-4c95-8348-2f14c7339643	20
38	/uploads/36c9da3d-eaf2-4d1d-9b8e-65056908af49.png	f	a996222b-c939-4775-bc88-cee807a7047c	20
39	/uploads/0c68cd64-e372-4805-a829-128cfcf6e513.png	t	22337012-feff-486b-bb58-7216215ce72f	21
40	/uploads/d93065a8-8159-4929-bab0-90045461325f.png	f	4e36d70c-55c5-43a3-931a-c5b58727f4fb	21
41	/uploads/abc17f2a-f2e4-4aa8-97ee-863b5056db1d.png	f	71fdb604-55ee-4327-8573-1796c27e18b5	21
42	/uploads/b431a0d1-f84e-44b3-b996-6a3bd0333040.png	t	502be9ef-9c55-42ba-8f2d-76bd966e5a28	18
45	/uploads/418eab71-cea4-447e-ad06-f78b81792ea1.png	f	bc81d9de-1f78-4ac6-88f6-03ec0dcee829	22
46	/uploads/953f9417-0ece-4653-8a62-ad6b4f2d637c.png	t	96e2c3b5-e70d-476c-9d72-3df133f197cb	23
47	/uploads/5a18c3b2-9287-4f13-b7bb-85ff9c406d02.png	t	9dcca9d2-8a0d-4a2a-b1c8-c93ccfbfe279	24
50	/uploads/8f7cfc36-4e1b-43f5-bb8c-ed603e71bfb3.png	f	19e0bbba-dc57-4b43-888e-c635e798f30f	25
51	/uploads/268dc327-a67b-4643-94e1-1b0e01f16c4e.png	t	7a53de34-87bf-4099-a328-46528bbaca7d	26
52	/uploads/acd42d6e-e008-429e-bc45-25f8d9968fe8.png	t	5cdc2819-98fb-45c5-973c-6d97dc550e12	27
53	/uploads/982782ca-f474-491c-85e5-6dd2e908186b.png	t	0217aad6-ccc5-4ee0-b67c-d7adf221a57c	28
54	/uploads/6b85bae6-c8c6-4d0d-8f53-1c04645800ea.png	t	1d4be987-2640-4fbe-af47-d617e319ed2e	29
55	/uploads/423407cb-bccf-4b7c-8811-01e2e3dd6c6a.png	f	0bc1d325-2387-43fe-acd3-eea0de6faf9f	29
56	/uploads/c48fbfd1-1691-44a4-b50a-d6a881c25952.png	t	1eb32642-2339-4f83-a047-55dee4cbe166	30
57	/uploads/5cdd9094-8fe6-4397-8cc9-b50e1f5ffd01.png	t	d9dc0c19-3481-496f-ad4e-bf95ac3792a9	31
58	/assets/images/generated/item4.jpg	t	68185121-97bb-47fc-ab2b-5ebd1005a197	32
59	/assets/images/generated/item2.jpg	t	5d1ab295-5cd1-4e5d-9b86-6d6d6accdc22	33
60	/assets/images/generated/item1.jpg	t	ce204050-5686-4e36-8931-3df441198dc7	34
61	/assets/images/generated/item3.jpg	t	1acf48c3-2775-4151-92bf-7a96dcfe609b	35
62	/assets/images/generated/item1.jpg	t	5b0b489e-79e5-4649-ba0c-770dfe86d942	36
63	/assets/images/generated/item1.jpg	t	490fb6db-8d72-49b2-913e-9456c9880575	37
64	/assets/images/generated/item4.jpg	t	197428dd-fca7-4612-a4a9-bdf87ed996d1	38
65	/assets/images/generated/item4.jpg	t	400a8e48-4b24-4681-b733-83f3791d6954	39
66	/assets/images/generated/item4.jpg	t	90356975-1b2b-4cb9-a13e-7d6585c956ce	40
67	/assets/images/generated/item2.jpg	t	e67890c1-0364-4b8e-8897-9c3aea21229a	41
68	/assets/images/generated/item5.jpg	t	cedc9c2a-b36b-4e71-b4d7-a164407beed2	42
69	/assets/images/generated/item4.jpg	t	32042150-6447-40fc-9f5a-94e83aadebdd	43
70	/assets/images/generated/item3.jpg	t	0b59f1aa-cec4-4fdd-bd23-6a2910926236	44
71	/uploads/297e64f4-9634-45bd-b122-f1a32b021234.jpg	t	8bccf5c2-f450-4d37-bb46-987d1eda15e2	45
72	/assets/images/generated/item4.jpg	t	72a69039-3b37-4021-afb9-555bb7754e5c	46
73	/assets/images/generated/item3.jpg	t	cfcbee00-7c2a-4383-8c8b-bd304b157530	47
74	/assets/images/generated/item3.jpg	t	edfbb1fb-f70c-4950-853e-76c76e22f690	48
75	/assets/images/generated/item1.jpg	t	4fe7381f-8628-4959-9ca7-9637956ec075	49
76	/assets/images/generated/item5.jpg	t	32c5469c-d5bd-4b85-8aee-5abec04e2459	50
77	/assets/images/generated/item2.jpg	t	b0877167-cc58-46c4-8b24-2f3beddea68a	51
78	/assets/images/generated/item2.jpg	t	5cf5a827-a555-41fd-8435-86a367358ad9	52
79	/assets/images/generated/item1.jpg	t	d2dce31b-c895-4e43-bb0b-581f69ccfe5c	53
80	/assets/images/generated/item1.jpg	t	4abe7217-e1ff-4fde-aee5-9aeeb002009c	54
81	/assets/images/generated/item1.jpg	t	985acdc1-3212-4b05-b1c0-9bf3d4846028	55
82	/assets/images/generated/item4.jpg	t	9e43fa1d-3185-457d-9bd7-0b692666480f	56
83	/assets/images/generated/item4.jpg	t	8c85d972-e68c-4734-b6af-9e217f9c2186	57
84	/assets/images/generated/item5.jpg	t	11290f01-ab15-4461-a537-5a23456b118e	58
85	/assets/images/generated/item3.jpg	t	9457f9ec-efdc-4a6e-8ac4-7a71b2b2bbb6	59
86	/assets/images/generated/item1.jpg	t	56d88419-36c9-4abd-a6bd-197ef7a7390e	60
87	/assets/images/generated/item3.jpg	t	4baffb03-70de-4b60-a993-e0fb1fbd409b	61
88	/assets/images/generated/item2.jpg	t	f9833577-d56b-4ed7-88ee-cb3a75431256	62
89	/assets/images/generated/item5.jpg	t	2dc9f20a-d3d9-43e7-a75d-ce8720f60a47	63
90	/assets/images/generated/item1.jpg	t	01c07cdc-e9e1-42fa-a40a-45de9d341e9c	64
91	/assets/images/generated/item3.jpg	t	e98a466d-0cca-4224-a0f9-a9362b44bbce	65
92	/assets/images/generated/item3.jpg	t	447d366e-4bd7-4fa8-8846-a0736241ec8c	66
93	/assets/images/generated/item1.jpg	t	e2801748-3432-4352-a09b-1ec2019ad271	67
94	/assets/images/generated/item4.jpg	t	988c5206-1c64-46c3-97e4-057c271baeca	68
95	/assets/images/generated/item5.jpg	t	0026f78f-5022-4c2c-85d0-c017347d200e	69
96	/assets/images/generated/item4.jpg	t	0006aadd-7563-4683-99f0-bca8500f0cf7	70
97	/assets/images/generated/item3.jpg	t	cdc40ff2-9295-4473-93f2-f7da89bdd4a9	71
98	/assets/images/generated/item3.jpg	t	2a680c23-fc6a-4d57-9ba9-9e55a86d5c90	72
99	/assets/images/generated/item2.jpg	t	c5d9c96e-0dc9-4a7c-bb2d-a640bf9cd8d2	73
100	/assets/images/generated/item1.jpg	t	97a72517-560e-400d-9989-8a9481468193	74
101	/assets/images/generated/item4.jpg	t	8053a1cc-bf05-48fb-85b1-3c24abf8fd35	75
102	/assets/images/generated/item3.jpg	t	315d4ec2-b38d-4c90-95d6-78fb6085a6fa	76
103	/assets/images/generated/item2.jpg	t	2b28bdd8-9a3c-4e44-84af-34764061df3a	77
104	/assets/images/generated/item2.jpg	t	4e7386eb-402a-4a81-ad92-dc2e5c9f268a	78
105	/assets/images/generated/item3.jpg	t	105a7b22-8ac4-4ce5-8fda-d42a1135284f	79
106	/assets/images/generated/item4.jpg	t	387c1cea-aa82-4d8f-af28-a896847cc225	80
107	/assets/images/generated/item2.jpg	t	a9fd6730-bc98-4fcb-96b9-3467731e984e	81
108	/assets/images/generated/item5.jpg	t	f5965343-a4b4-4232-919c-da55b1ae6142	82
109	/assets/images/generated/item4.jpg	t	c82bf0de-d8a6-46e7-9232-236c89778989	83
110	/assets/images/generated/item5.jpg	t	6296225e-27dc-40cc-a2da-ef6508fd9cd5	84
111	/assets/images/generated/item2.jpg	t	f10ee6d1-9f26-4f03-9374-405048424ce5	85
112	/assets/images/generated/item5.jpg	t	babc4c2f-a492-4da2-a4ba-1785ef0dde5a	86
113	/assets/images/generated/item1.jpg	t	a39dc68f-7dfb-43cc-b613-cfba898a98af	87
114	/assets/images/generated/item5.jpg	t	e8f3cf11-8292-49e6-9d8b-3423c1ce1a9f	88
115	/assets/images/generated/item3.jpg	t	ac136538-4a4c-4661-83ed-df31f5a8c78c	89
116	/assets/images/generated/item5.jpg	t	622b43e9-4285-4494-bed1-a43ff6bb9b29	90
117	/assets/images/generated/item5.jpg	t	0bbdcc8c-7a90-48a1-aee3-506ac9d38e50	91
118	/assets/images/generated/item1.jpg	t	2cb5fa8b-0142-460e-960e-6cca5d100677	92
119	/assets/images/generated/item5.jpg	t	d2a49620-f435-441f-bc0d-89f8abf6b81e	93
120	/assets/images/generated/item2.jpg	t	73c9a981-074c-4fad-b241-aff6d2743cd7	94
121	/assets/images/generated/item5.jpg	t	d16d1392-93ea-409e-8aff-d7e11fd9b179	95
122	/assets/images/generated/item4.jpg	t	fa5a6ed7-6ca9-415d-a610-171b200e8b89	96
123	/assets/images/generated/item3.jpg	t	85e254f3-f465-45bf-b61f-a91018c5c543	97
124	/assets/images/generated/item2.jpg	t	6b8e9eb7-fecf-4d54-96a4-ec67f7862892	98
125	/assets/images/generated/item1.jpg	t	90ab3756-044c-4906-b5ff-2ddb526c9808	99
126	/assets/images/generated/item1.jpg	t	89002353-0d6b-4c88-8239-d832cb4e3073	100
127	/assets/images/generated/item4.jpg	t	9ff5874b-5dd1-470b-bf99-ad26b1000e53	101
128	/assets/images/generated/item2.jpg	t	23a330aa-17e3-4608-a295-0dbc945c3db3	102
129	/assets/images/generated/item1.jpg	t	545f4d63-c940-40b3-a69f-fbb82ef1ec3b	103
130	/assets/images/generated/item5.jpg	t	aa2b06ca-e046-4ee1-8fc4-f67d984cb89c	104
131	/assets/images/generated/item5.jpg	t	2b9dfe39-465e-494e-a324-738d72a8527d	105
132	/assets/images/generated/item3.jpg	t	959b38a0-3f35-4a8e-89cd-fda2bebf178c	106
133	/assets/images/generated/item1.jpg	t	c53e38a4-df93-4682-8e8d-b6ed9eda004f	107
134	/assets/images/generated/item4.jpg	t	ea8392e5-3121-4d2e-b094-5f219c3f5258	108
135	/assets/images/generated/item5.jpg	t	2887b4d5-2672-4cab-a0ee-3585edd70367	109
136	/assets/images/generated/item1.jpg	t	f3f32fb9-b217-4501-8293-d99d9ae26e9f	110
137	/assets/images/generated/item5.jpg	t	435afea2-7cfc-42c3-90a4-52767dca1e3f	111
138	/assets/images/generated/item2.jpg	t	f8a02174-9889-444e-9bc3-d571bf6167d2	112
139	/assets/images/generated/item4.jpg	t	440388d4-dba2-48a9-ba30-49098c00aa4d	113
140	/assets/images/generated/item5.jpg	t	deb75eaa-8c6b-4cf5-9538-8aaaff4c138b	114
141	/assets/images/generated/item1.jpg	t	b027165b-80f7-47a3-a0c2-d6acc208516e	115
142	/assets/images/generated/item5.jpg	t	a11ceabb-45ca-444e-aea2-26b2eeb8bdb1	116
143	/assets/images/generated/item1.jpg	t	eb9680c0-baae-424d-8a4b-3becf45ae32c	117
144	/assets/images/generated/item2.jpg	t	a516e13e-3909-4d81-b0f2-2bde366334cb	118
145	/assets/images/generated/item5.jpg	t	5746dc41-3db4-4c1f-abcf-da325bbe80b2	119
146	/assets/images/generated/item1.jpg	t	53eb7f83-f1ee-4a82-b5e5-2b4a14636270	120
147	/assets/images/generated/item4.jpg	t	1cb99a45-0ad3-48f5-ae35-595dc5d91da0	121
148	/assets/images/generated/item4.jpg	t	4e6a7078-88f2-4c7c-93d8-63558411a2b6	122
149	/assets/images/generated/item4.jpg	t	a6dba380-8d5e-4c11-8275-6ea60724b780	123
150	/assets/images/generated/item1.jpg	t	6b6204d6-f3da-4ce0-87ca-631b0461d513	124
151	/assets/images/generated/item2.jpg	t	5c792b79-7a7e-47db-84e1-8f883014531c	125
152	/assets/images/generated/item2.jpg	t	005f3635-d2be-49c5-8eac-ac6ec33fb048	126
153	/assets/images/generated/item4.jpg	t	a7f70284-d9a7-4cdf-8b46-714131e6c365	127
154	/assets/images/generated/item1.jpg	t	6f847a97-1ee3-41b6-aa8e-66c14ad3e473	128
155	/assets/images/generated/item1.jpg	t	8fb2db18-187b-4279-99d6-1448ed30a44f	129
156	/assets/images/generated/item3.jpg	t	ca478578-126f-4563-9a4d-e85f3399383c	130
157	/assets/images/generated/item4.jpg	t	6e0d7cfb-8b35-4126-b2ee-cc765d3f0fb5	131
158	/assets/images/generated/item2.jpg	t	5f39b539-5edd-42b2-b91a-8e5c3e6ab1c3	132
159	/assets/images/generated/item5.jpg	t	e095da9c-ac04-425d-942f-ff4abfd45294	133
160	/assets/images/generated/item1.jpg	t	2a188c3b-167e-41d3-b4af-be427091b6f4	134
161	/assets/images/generated/item4.jpg	t	082c77ba-705c-47eb-8361-aa08bd081cd1	135
162	/assets/images/generated/item2.jpg	t	4671dfe0-3e5a-472a-8d86-f2ee2f163ade	136
163	/assets/images/generated/item2.jpg	t	2e1bff59-f08d-4f66-941a-ee7db6e2391e	137
164	/assets/images/generated/item1.jpg	t	22b62946-75cd-4a74-b92b-e9b3c18dade1	138
165	/assets/images/generated/item4.jpg	t	073ec5fc-14ac-44a1-991a-9b046b237a88	139
166	/assets/images/generated/item1.jpg	t	8e925b41-f87a-431f-9b41-6ff0abcd76ce	140
167	/assets/images/generated/item1.jpg	t	53bc5551-56a8-4c7a-ac68-017cd2f5eaa8	141
168	/assets/images/generated/item5.jpg	t	9fac173f-d1fa-41ff-a897-c901e53eeddd	142
169	/assets/images/generated/item3.jpg	t	fe26947c-ddbe-4cfa-9f33-1d23d6fd540c	143
170	/assets/images/generated/item4.jpg	t	dbae13bb-8fcf-4953-9594-22ece31b8eb2	144
171	/assets/images/generated/item5.jpg	t	1cbeb73d-d824-4d57-a073-e60343720f11	145
172	/assets/images/generated/item4.jpg	t	10eefa43-e2f4-46a4-8fff-02f368445aa5	146
173	/assets/images/generated/item3.jpg	t	03fedc6b-4d79-4554-aedb-b8005e552417	147
174	/assets/images/generated/item5.jpg	t	3f48a8d6-797d-46f9-aeab-1facdd905282	148
175	/assets/images/generated/item2.jpg	t	5ad3ae57-daa7-4f66-9d9f-294befb9e90f	149
176	/assets/images/generated/item3.jpg	t	3873fc94-8284-4f94-84ba-8c81742e3c7a	150
177	/assets/images/generated/item3.jpg	t	1daa8eda-e7b2-4b40-a2f4-877b2f49bacb	151
178	/assets/images/generated/item4.jpg	t	167bd9a1-00ae-4240-a305-b2f2fab4e1db	152
179	/assets/images/generated/item2.jpg	t	8af20596-0928-4609-a946-20e031bd5f45	153
180	/assets/images/generated/item5.jpg	t	82eed14f-111b-4acb-a882-dd6c7ff4ad7d	154
181	/assets/images/generated/item4.jpg	t	53c924bb-0c25-4466-9909-0a5c2d4b416f	155
182	/assets/images/generated/item3.jpg	t	fb28a68a-e125-4450-8136-89da86c5b7df	156
183	/assets/images/generated/item3.jpg	t	973895a8-f535-4880-a413-2c07e74899bc	157
184	/assets/images/generated/item1.jpg	t	45f5c1bc-9588-479e-9676-61e3d7c10b0d	158
185	/assets/images/generated/item1.jpg	t	aebb706c-30ca-482e-a842-d7f4bc2774af	159
186	/assets/images/generated/item1.jpg	t	7c28b7df-9625-419c-8736-724c4f291e7b	160
187	/assets/images/generated/item5.jpg	t	0df4ce27-cd51-41c2-85e8-a413bf88b018	161
188	/assets/images/generated/item2.jpg	t	06520cde-7108-4db2-a035-21233963d352	162
189	/assets/images/generated/item3.jpg	t	79a7422a-00aa-45e5-a3e8-17f986dac221	163
190	/assets/images/generated/item4.jpg	t	4d46cc6e-df89-4fae-b177-f4a9897cae9c	164
191	/assets/images/generated/item4.jpg	t	d5e3820f-61cc-471c-83e1-ed6068d2e27b	165
192	/assets/images/generated/item5.jpg	t	6ddc4999-0743-41fb-bc90-1918693d14d9	166
193	/assets/images/generated/item1.jpg	t	5c1acd86-8b2b-4354-aaf9-708b4083636e	167
194	/assets/images/generated/item1.jpg	t	47297149-6368-4cdc-be87-ecd864872a18	168
195	/assets/images/generated/item2.jpg	t	543fd2a0-0a73-4141-b230-9fdd1da439e8	169
196	/assets/images/generated/item1.jpg	t	5c789788-733a-49b4-afc4-0fb94874dd7d	170
197	/assets/images/generated/item3.jpg	t	16fa0ca3-59bc-4bf8-83d7-c3ded0c6b484	171
198	/assets/images/generated/item1.jpg	t	b664d956-674b-4c34-8d99-3537ae749b68	172
199	/assets/images/generated/item1.jpg	t	d1ba9ff7-db5c-499f-97e2-ea1e1524bc2c	173
200	/assets/images/generated/item3.jpg	t	76f633b0-5f6d-4d70-836c-cc3d7bfd8604	174
201	/assets/images/generated/item1.jpg	t	a8b7fc04-dea7-4172-ac15-dcdc7f4aede3	175
202	/assets/images/generated/item2.jpg	t	5ac1465a-0990-4b2d-b32f-3f10769d09c7	176
203	/assets/images/generated/item1.jpg	t	ef449083-d613-433b-b466-b4ef6a04c038	177
204	/assets/images/generated/item2.jpg	t	477066d5-04df-4099-8b7a-e5907a57d590	178
205	/assets/images/generated/item2.jpg	t	d091118e-b63d-4a11-811b-f9d6c0800a4f	179
206	/assets/images/generated/item5.jpg	t	7ed363a7-0c77-4988-9746-47f642ea4f67	180
207	/assets/images/generated/item4.jpg	t	88c6cdfc-c53e-40e5-bc8e-b84afc3011b8	181
208	/assets/images/generated/item5.jpg	t	1c1ea23c-2346-45db-9193-57e33fa530a5	182
209	/assets/images/generated/item1.jpg	t	96e4b259-9380-495f-8a34-e14f205214ca	183
210	/assets/images/generated/item2.jpg	t	2d1daaf2-7b86-46bd-a6ba-2f1e44e9ff59	184
211	/assets/images/generated/item3.jpg	t	7baa5865-c4c6-42d2-a7be-f384659d75d5	185
212	/assets/images/generated/item2.jpg	t	5d97cf38-4b70-43f0-b062-05928c9d9544	186
213	/assets/images/generated/item2.jpg	t	bdc0305f-214b-4f16-b97f-28668b44d569	187
214	/assets/images/generated/item1.jpg	t	69d014e7-b336-4b62-bc3c-017725cf7267	188
215	/assets/images/generated/item4.jpg	t	de0c5fe3-ccd0-4a3a-ac45-d584e93a25c4	189
216	/assets/images/generated/item2.jpg	t	5650b77f-4fbc-4dd4-b540-bcb48f2cc019	190
217	/assets/images/generated/item4.jpg	t	db6a3364-f42d-477a-9643-fc0f60f8d8be	191
218	/assets/images/generated/item2.jpg	t	bfce8a77-8ee0-44c1-9503-643e0a5f7a2e	192
219	/assets/images/generated/item3.jpg	t	d5ad54b2-a81b-482b-b727-570bbedbdc2e	193
220	/assets/images/generated/item4.jpg	t	f84807ca-81bd-49b5-93b7-6c41cb8bc133	194
221	/assets/images/generated/item2.jpg	t	756b2a0a-9185-4aff-bc5c-168398b7b58d	195
222	/assets/images/generated/item1.jpg	t	0cf425d8-ee87-4e07-8e1f-009343e2703b	196
223	/assets/images/generated/item4.jpg	t	ec25dd78-88eb-451a-895e-044ea0d44081	197
224	/assets/images/generated/item5.jpg	t	9814f4ad-81b6-42bc-8687-3aa132fbac71	198
225	/assets/images/generated/item3.jpg	t	9975636f-0631-4254-b0b3-7bf172af9266	199
226	/assets/images/generated/item2.jpg	t	f0540678-2914-4927-9569-89d19deceeb2	200
227	/assets/images/generated/item3.jpg	t	af0cd6f8-9784-4458-b9e1-f34169ab6e13	201
228	/assets/images/generated/item4.jpg	t	145a1230-cb79-4dd4-8463-66ca2b140f27	202
229	/assets/images/generated/item2.jpg	t	2ae50964-b04d-4a0d-a7eb-7426bacc76ce	203
230	/assets/images/generated/item2.jpg	t	f7ebef5c-2eba-4564-a29d-3e69e124b4e0	204
231	/assets/images/generated/item3.jpg	t	c48bf63d-8278-4c2f-afd2-ccfd2b5e067f	205
232	/assets/images/generated/item3.jpg	t	d51fd8f8-7812-4da9-b1a3-0f52ead38d5e	206
233	/assets/images/generated/item5.jpg	t	c846b137-85c9-4a73-beb4-e8e0534f9ead	207
234	/assets/images/generated/item3.jpg	t	eaa2c22f-e3eb-47cc-8bf7-df9151f247e4	208
235	/assets/images/generated/item2.jpg	t	dc441961-b47c-4bb4-828c-a7525cc4994b	209
236	/assets/images/generated/item1.jpg	t	7f4d27d2-6f7f-485c-9e9a-546c648540dd	210
237	/assets/images/generated/item3.jpg	t	9bc79a87-42ae-4f32-8220-68b8e414fdf1	211
238	/assets/images/generated/item4.jpg	t	fa55994a-d691-43c2-ab3b-a6a7bcf1f62f	212
239	/assets/images/generated/item2.jpg	t	4b31da01-7a3d-4fef-af03-645976c093ee	213
240	/assets/images/generated/item3.jpg	t	c9a098da-4662-40e9-b63f-31b4762cdd65	214
241	/assets/images/generated/item4.jpg	t	7b2cc2d3-9eb7-435e-9735-28ab02373456	215
242	/assets/images/generated/item3.jpg	t	a6d58375-5ba0-43b2-9e79-0514ed417a0f	216
243	/assets/images/generated/item2.jpg	t	37feeefd-ec0b-421f-9f46-05725ba3349e	217
244	/assets/images/generated/item3.jpg	t	340067a7-7311-4294-97f2-94e21dfd8c83	218
245	/assets/images/generated/item2.jpg	t	63e0a43b-6765-43ab-ba55-ad645d043dcb	219
246	/assets/images/generated/item4.jpg	t	36beda80-b264-4aa8-9d44-f2edd173a0a0	220
247	/assets/images/generated/item5.jpg	t	b0a74b9e-f34e-4d75-b64a-7626eb21438d	221
248	/assets/images/generated/item5.jpg	t	53023051-edb8-40de-8911-24e90ae14435	222
249	/assets/images/generated/item1.jpg	t	095d9ea0-2c33-4a62-8276-5bb1b0d1858a	223
250	/assets/images/generated/item5.jpg	t	a60ac06e-9818-4834-9e03-807de62caa01	224
251	/assets/images/generated/item4.jpg	t	319da3d4-1df7-4459-9963-63ceb37109c2	225
252	/assets/images/generated/item1.jpg	t	a8a3e763-05a6-45d2-ae1e-bfd9091d75b0	226
253	/assets/images/generated/item5.jpg	t	359aaa85-9c50-4d7e-8a04-9d9bee87294e	227
254	/assets/images/generated/item5.jpg	t	d1439cea-a3f0-4c58-9a0a-8b03a7843ef4	228
255	/assets/images/generated/item4.jpg	t	f2440501-3d12-4478-83be-1b9e561e4bf7	229
256	/assets/images/generated/item3.jpg	t	875bb5f1-d0f7-4c6d-bd02-95d6feb3a559	230
257	/assets/images/generated/item5.jpg	t	2b6d72b4-1f69-4c6d-8abb-0d8d6bd6eafc	231
258	/assets/images/generated/item5.jpg	t	a520bfb0-bd94-4edc-adc3-ea4909c47492	232
259	/assets/images/generated/item2.jpg	t	853a1a50-a230-46d8-b921-300c83badc47	233
260	/assets/images/generated/item3.jpg	t	370dad63-0123-4f08-ad5c-c8ca33c27e79	234
261	/assets/images/generated/item4.jpg	t	c0f055fa-9c5b-4847-b9f1-0874e2eb6e19	235
262	/assets/images/generated/item1.jpg	t	9fb8f496-61db-49b0-9988-d99b024022c7	236
263	/assets/images/generated/item4.jpg	t	e43e9fd3-aa3f-40db-9e5a-8405f5d1409a	237
264	/assets/images/generated/item2.jpg	t	c05b1bc2-8fd2-4974-97b8-ea1ca64c4f13	238
265	/assets/images/generated/item5.jpg	t	3734c32b-3c78-404f-a5de-68490bb0fa25	239
266	/assets/images/generated/item3.jpg	t	43d5977b-6736-4351-b36b-b7ae0bacc844	240
267	/assets/images/generated/item5.jpg	t	259be5e9-fdc9-468b-86e4-374c837d677c	241
268	/assets/images/generated/item2.jpg	t	b217e93b-b6e9-4eaf-8a21-5f7b314f79fa	242
269	/assets/images/generated/item1.jpg	t	d8d61815-c2b6-4ade-8e58-01b7dcf3fa5a	243
270	/assets/images/generated/item4.jpg	t	50a2db17-2e8b-4479-b673-7fbf300f95b7	244
271	/assets/images/generated/item2.jpg	t	5c23c7be-7a54-439b-8c50-2f1c5267bdfe	245
272	/assets/images/generated/item5.jpg	t	9dd2558b-e186-47cb-8d33-d428349a8d0e	246
273	/assets/images/generated/item2.jpg	t	0348116a-16d9-4ecc-88c4-a8826fe737a3	247
274	/assets/images/generated/item5.jpg	t	463e045c-0365-494f-ab33-ce16605933c5	248
275	/assets/images/generated/item1.jpg	t	5627da25-1bb9-46c4-a1c5-528c3fd10374	249
276	/assets/images/generated/item4.jpg	t	76fe585e-d923-4fff-a691-6c143824a993	250
277	/assets/images/generated/item3.jpg	t	fa641435-200f-478d-a133-eb635871aa81	251
278	/assets/images/generated/item5.jpg	t	bf65abb8-4439-4300-9f8a-7e0b0c68de23	252
279	/assets/images/generated/item5.jpg	t	fd0e8840-be0b-46ba-8d83-daccb5752a9d	253
\.


--
-- Data for Name: Listings; Type: TABLE DATA; Schema: public; Owner: postgres
--

COPY public."Listings" ("Id", "Title", "Measurement", "Quality", "Price", "CreatedAt", "IsActive", "UserId", "Description") FROM stdin;
34	Formal Suit	42	BARELY WORN	301	2025-05-09 14:28:39.101137+03	t	9c2792e0-85dc-4bbe-93d4-261f832e4ef3	Seasonal must-have at a fraction of the retail price.
3	Adiddas	42	Old	450	2025-04-01 16:27:35.107336+03	f	3a1af720-92d9-4493-9895-22e2d2c7f03b	
2	dadda	dada	dada	100	2025-04-01 01:46:11.601571+03	f	d62a6fff-42c2-406b-9eab-98e96a3e6cfe	
1	dunks	44	new	400	2025-04-01 01:43:36.452057+03	f	d62a6fff-42c2-406b-9eab-98e96a3e6cfe	
5	RETRO DUNKS	M 44US	BARELY WORN	770	2025-04-04 10:30:48.089898+03	f	d62a6fff-42c2-406b-9eab-98e96a3e6cfe	
6	Black & White Elegant Bloom Dress	S/36	BARELY WORN	34.5	2025-04-04 14:17:52.086014+03	t	d62a6fff-42c2-406b-9eab-98e96a3e6cfe	
7	Crocs	36.5	BARELY WORN	19	2025-04-04 14:18:47.609362+03	t	d62a6fff-42c2-406b-9eab-98e96a3e6cfe	
8	Silver 925 Earrings	Fit any size	NEW	90	2025-04-04 14:19:42.633277+03	t	d62a6fff-42c2-406b-9eab-98e96a3e6cfe	
9	Zara Barn Jacket in Green	M 38	USED	40	2025-04-04 14:20:22.46546+03	t	d62a6fff-42c2-406b-9eab-98e96a3e6cfe	
10	Pandora Bracelet	M	LIKE NEW	120	2025-04-04 14:20:56.297648+03	t	d62a6fff-42c2-406b-9eab-98e96a3e6cfe	
11	Zara Sandals	S 27	USED	40	2025-04-04 14:21:25.741515+03	t	d62a6fff-42c2-406b-9eab-98e96a3e6cfe	
12	Adidas Hoodie	M 38	LIKE NEW	79	2025-04-04 14:22:03.396522+03	t	d62a6fff-42c2-406b-9eab-98e96a3e6cfe	
15	dasda	daa	BARELY WORN	4235	2025-04-04 15:22:31.050259+03	f	d62a6fff-42c2-406b-9eab-98e96a3e6cfe	
14	Audemars Royal Oak	38 mm	LIKE NEW	5000	2025-04-04 14:50:13.315698+03	f	d62a6fff-42c2-406b-9eab-98e96a3e6cfe	
13	Maison Margiela Kiss Shirt	M 37	LIKE NEW	350	2025-04-04 14:23:40.486902+03	f	d62a6fff-42c2-406b-9eab-98e96a3e6cfe	
16	Audemars Piguet Royal Oak	38 mm	USED	4400	2025-04-04 15:41:06.039914+03	t	d62a6fff-42c2-406b-9eab-98e96a3e6cfe	
17	Isabela Merant Blouse	W 39US	BARELY WORN	45	2025-04-04 16:51:12.618823+03	t	d62a6fff-42c2-406b-9eab-98e96a3e6cfe	
19	Marynarka Chanel	S 36	BARELY WORN	4500	2025-04-06 04:40:36.683906+03	f	89a6fcdc-9860-4c5f-a121-e0d07adb43d2	
35	Evening Gown	36	NEW	160	2025-05-09 14:29:39.475586+03	t	d62a6fff-42c2-406b-9eab-98e96a3e6cfe	High-quality material that will last.
36	Athletic Wear	36	USED	249	2025-05-09 14:30:39.880927+03	t	89a6fcdc-9860-4c5f-a121-e0d07adb43d2	Minor wear but still looks great.
21	babay	babay	BARELY WORN	425	2025-04-06 05:21:46.394046+03	f	89a6fcdc-9860-4c5f-a121-e0d07adb43d2	I LOVE BITCHES
20	Marynarka Chanel	S 36	BARELY WORN	4500	2025-04-06 04:53:25.150778+03	t	89a6fcdc-9860-4c5f-a121-e0d07adb43d2	i love bitches
37	Wool Sweater	38	LIKE NEW	391	2025-05-09 14:31:40.146572+03	t	3a1af720-92d9-4493-9895-22e2d2c7f03b	Versatile addition to any wardrobe.
38	Wool Sweater	36	USED	120	2025-05-09 14:32:40.293561+03	t	2a277eb6-cd9b-41ba-ba13-ef3512361d8a	Great value for a designer item.
24	Margiela Gats	M 40	BARELY WORN	100	2025-04-11 15:20:16.702776+03	t	89a6fcdc-9860-4c5f-a121-e0d07adb43d2	insane shoes
39	Formal Suit	S	NEW	445	2025-05-09 14:33:40.357842+03	t	3a1af720-92d9-4493-9895-22e2d2c7f03b	Classic style that never goes out of fashion.
25	margielaaaa	M 40	BARELY WORN	100	2025-04-11 15:34:15.78826+03	f	89a6fcdc-9860-4c5f-a121-e0d07adb43d2	new shoesadas
40	Swimwear Set	S	LIKE NEW	489	2025-05-09 14:37:28.204526+03	t	dcf7abe9-6a5c-4025-8751-45d2808a3a28	Perfect for both casual and formal occasions.
41	Linen Pants	XL	NEW	438	2025-05-09 14:38:36.83616+03	t	2a277eb6-cd9b-41ba-ba13-ef3512361d8a	Perfect for both casual and formal occasions.
18	Calvin Klein Shoes	M 44EU	BARELY WORN	220	2025-04-05 04:19:26.098002+03	f	89a6fcdc-9860-4c5f-a121-e0d07adb43d2	Calvin Klein new shoes from turkey :3
23	Maison Margiela Maison margiela replica white	42 M	BARELY WORN	60	2025-04-07 05:44:57.766213+03	f	89a6fcdc-9860-4c5f-a121-e0d07adb43d2	Freshest shoes ong
22	Max Mara Dress	Fits Any Size	BARELY WORN	70	2025-04-06 07:02:56.689333+03	f	89a6fcdc-9860-4c5f-a121-e0d07adb43d2	Zapraszam do tworzenia zestawów ze zniżką\r\n
27	edaeaw	W23	BARELY WORN	555	2025-04-11 15:48:40.747653+03	f	89a6fcdc-9860-4c5f-a121-e0d07adb43d2	dasda
28	ASDA	WW	BARELY WORN	555	2025-04-11 15:49:01.164392+03	f	89a6fcdc-9860-4c5f-a121-e0d07adb43d2	3124
26	2131	312	BARELY WORN	33	2025-04-11 15:48:27.79511+03	f	89a6fcdc-9860-4c5f-a121-e0d07adb43d2	12421333
29	Magnolia Blouse	S	BARELY WORN	55	2025-05-09 03:26:18.104355+03	t	89a6fcdc-9860-4c5f-a121-e0d07adb43d2	Blouse UK
30	Texas Blouse	M	BARELY WORN	60	2025-05-09 03:26:46.760624+03	t	89a6fcdc-9860-4c5f-a121-e0d07adb43d2	Blouse texas
31	Chill shirt	XS	BARELY WORN	100	2025-05-09 03:27:27.067304+03	t	89a6fcdc-9860-4c5f-a121-e0d07adb43d2	Chill
32	Silk Blouse	36	USED	163	2025-05-09 14:26:35.93914+03	t	dcf7abe9-6a5c-4025-8751-45d2808a3a28	Minor wear but still looks great.
33	Linen Pants	36	NEW	270	2025-05-09 14:27:38.855304+03	t	89a6fcdc-9860-4c5f-a121-e0d07adb43d2	Perfect for both casual and formal occasions.
42	Cashmere Scarf	40	USED	269	2025-05-09 14:39:36.932509+03	t	f06586a5-42e2-40c6-9e81-c840636be83f	High-quality material that will last.
43	Silk Blouse	36	BARELY WORN	394	2025-05-09 14:40:37.000175+03	t	dcf7abe9-6a5c-4025-8751-45d2808a3a28	High-quality material that will last.
44	Winter Coat	S	NEW	190	2025-05-09 14:41:37.133446+03	t	2a277eb6-cd9b-41ba-ba13-ef3512361d8a	High-quality material that will last.
45	shooo	44	BARELY WORN	100	2025-05-09 14:42:03.424948+03	t	89a6fcdc-9860-4c5f-a121-e0d07adb43d2	best shoes
46	Leather Skirt	L	LIKE NEW	43	2025-05-09 14:53:49.522744+03	t	dcf7abe9-6a5c-4025-8751-45d2808a3a28	Minor wear but still looks great.
47	Linen Pants	M	LIKE NEW	387	2025-05-09 14:54:55.35762+03	t	f06586a5-42e2-40c6-9e81-c840636be83f	In excellent condition, barely worn.
48	Swimwear Set	S	BARELY WORN	478	2025-05-09 14:55:55.747198+03	t	9c2792e0-85dc-4bbe-93d4-261f832e4ef3	Comfortable and stylish for everyday wear.
49	Silk Blouse	36	USED	386	2025-05-09 14:56:55.872864+03	t	d62a6fff-42c2-406b-9eab-98e96a3e6cfe	Classic style that never goes out of fashion.
50	Silk Blouse	36	BARELY WORN	142	2025-05-09 14:57:55.949263+03	t	dcf7abe9-6a5c-4025-8751-45d2808a3a28	Perfect for both casual and formal occasions.
51	Accessories Bundle	40	NEW	46	2025-05-09 14:58:56.19446+03	t	f06586a5-42e2-40c6-9e81-c840636be83f	In excellent condition, barely worn.
52	Accessories Bundle	36	LIKE NEW	429	2025-05-09 14:59:56.297368+03	t	dcf7abe9-6a5c-4025-8751-45d2808a3a28	Comfortable and stylish for everyday wear.
53	Evening Gown	36	LIKE NEW	124	2025-05-09 15:00:56.441609+03	t	3a1af720-92d9-4493-9895-22e2d2c7f03b	Comfortable and stylish for everyday wear.
54	Formal Suit	42	BARELY WORN	192	2025-05-09 15:01:56.652911+03	t	f06586a5-42e2-40c6-9e81-c840636be83f	High-quality material that will last.
55	Summer Dress	L	BARELY WORN	369	2025-05-09 15:09:40.172579+03	t	2a277eb6-cd9b-41ba-ba13-ef3512361d8a	Unique piece that will stand out in your wardrobe.
56	Cotton T-Shirt	38	USED	421	2025-05-09 15:10:42.245041+03	t	dcf7abe9-6a5c-4025-8751-45d2808a3a28	Classic style that never goes out of fashion.
57	Summer Dress	XL	USED	57	2025-05-09 15:11:42.484897+03	t	d62a6fff-42c2-406b-9eab-98e96a3e6cfe	Comfortable and stylish for everyday wear.
58	Designer Jeans	40	NEW	463	2025-05-09 15:14:50.879604+03	t	dcf7abe9-6a5c-4025-8751-45d2808a3a28	Great value for a designer item.
59	Silk Blouse	XXL	NEW	302	2025-05-09 15:15:53.440265+03	t	9c2792e0-85dc-4bbe-93d4-261f832e4ef3	Minor wear but still looks great.
60	Casual Shirt	XL	LIKE NEW	486	2025-05-09 15:16:54.077389+03	t	89a6fcdc-9860-4c5f-a121-e0d07adb43d2	Perfect for both casual and formal occasions.
61	Evening Gown	M	USED	375	2025-05-09 15:59:54.649804+03	t	9c2792e0-85dc-4bbe-93d4-261f832e4ef3	Great value for a designer item.
62	Vintage Denim Jacket	XL	NEW	188	2025-05-09 16:00:58.178818+03	t	9c2792e0-85dc-4bbe-93d4-261f832e4ef3	Minor wear but still looks great.
63	Casual Shirt	XL	LIKE NEW	197	2025-05-09 16:01:58.925779+03	t	3a1af720-92d9-4493-9895-22e2d2c7f03b	Perfect for both casual and formal occasions.
64	Silk Blouse	S	USED	258	2025-05-09 16:02:54.70582+03	t	89a6fcdc-9860-4c5f-a121-e0d07adb43d2	In excellent condition, barely worn.
65	Wool Sweater	S	USED	154	2025-05-09 16:04:01.40847+03	t	89a6fcdc-9860-4c5f-a121-e0d07adb43d2	Versatile addition to any wardrobe.
66	Casual Shirt	S	BARELY WORN	273	2025-05-09 16:05:02.450578+03	t	2a277eb6-cd9b-41ba-ba13-ef3512361d8a	Perfect for both casual and formal occasions.
67	Formal Suit	M	USED	453	2025-05-09 16:06:03.078561+03	t	89a6fcdc-9860-4c5f-a121-e0d07adb43d2	Classic style that never goes out of fashion.
68	Leather Skirt	L	NEW	407	2025-05-09 16:07:03.157469+03	t	dcf7abe9-6a5c-4025-8751-45d2808a3a28	Seasonal must-have at a fraction of the retail price.
69	Swimwear Set	40	USED	163	2025-05-09 16:08:03.422481+03	t	2a277eb6-cd9b-41ba-ba13-ef3512361d8a	Seasonal must-have at a fraction of the retail price.
70	Silk Blouse	L	BARELY WORN	119	2025-05-10 19:23:53.446867+03	t	f06586a5-42e2-40c6-9e81-c840636be83f	Comfortable and stylish for everyday wear.
71	Casual Shirt	42	LIKE NEW	423	2025-05-10 19:24:51.773923+03	t	2a277eb6-cd9b-41ba-ba13-ef3512361d8a	Versatile addition to any wardrobe.
72	Leather Skirt	M	BARELY WORN	352	2025-05-10 19:25:51.843218+03	t	89a6fcdc-9860-4c5f-a121-e0d07adb43d2	Versatile addition to any wardrobe.
73	Leather Skirt	XXL	LIKE NEW	58	2025-05-10 19:26:51.974488+03	t	dcf7abe9-6a5c-4025-8751-45d2808a3a28	Great value for a designer item.
74	Cashmere Scarf	XL	BARELY WORN	331	2025-05-10 19:27:52.028275+03	t	dcf7abe9-6a5c-4025-8751-45d2808a3a28	Classic style that never goes out of fashion.
75	Evening Gown	44	BARELY WORN	406	2025-05-10 19:28:52.273184+03	t	dcf7abe9-6a5c-4025-8751-45d2808a3a28	Comfortable and stylish for everyday wear.
76	Athletic Wear	L	BARELY WORN	363	2025-05-10 19:29:52.323675+03	t	2a277eb6-cd9b-41ba-ba13-ef3512361d8a	Minor wear but still looks great.
77	Athletic Wear	XXL	LIKE NEW	87	2025-05-10 19:30:52.382687+03	t	89a6fcdc-9860-4c5f-a121-e0d07adb43d2	Comfortable and stylish for everyday wear.
78	Cotton T-Shirt	XL	USED	170	2025-05-10 19:31:52.446748+03	t	d62a6fff-42c2-406b-9eab-98e96a3e6cfe	Versatile addition to any wardrobe.
79	Silk Blouse	42	LIKE NEW	67	2025-05-10 19:32:52.510622+03	t	89a6fcdc-9860-4c5f-a121-e0d07adb43d2	Seasonal must-have at a fraction of the retail price.
80	Cotton T-Shirt	40	LIKE NEW	437	2025-05-10 19:33:52.780323+03	t	3a1af720-92d9-4493-9895-22e2d2c7f03b	Comfortable and stylish for everyday wear.
81	Swimwear Set	M	BARELY WORN	491	2025-05-10 19:34:52.851531+03	t	89a6fcdc-9860-4c5f-a121-e0d07adb43d2	High-quality material that will last.
82	Linen Pants	XXL	BARELY WORN	438	2025-05-10 19:35:52.900724+03	t	2a277eb6-cd9b-41ba-ba13-ef3512361d8a	Comfortable and stylish for everyday wear.
83	Winter Coat	XL	USED	389	2025-05-10 19:36:52.950823+03	t	f06586a5-42e2-40c6-9e81-c840636be83f	Great value for a designer item.
84	Summer Dress	40	LIKE NEW	69	2025-05-10 19:37:53.014137+03	t	dcf7abe9-6a5c-4025-8751-45d2808a3a28	In excellent condition, barely worn.
85	Leather Skirt	42	NEW	77	2025-05-10 19:38:53.143572+03	t	d62a6fff-42c2-406b-9eab-98e96a3e6cfe	Perfect for both casual and formal occasions.
86	Cashmere Scarf	L	USED	266	2025-05-10 19:39:53.181127+03	t	dcf7abe9-6a5c-4025-8751-45d2808a3a28	High-quality material that will last.
87	Designer Jeans	S	BARELY WORN	334	2025-05-10 19:40:53.232561+03	t	dcf7abe9-6a5c-4025-8751-45d2808a3a28	Seasonal must-have at a fraction of the retail price.
88	Athletic Wear	40	LIKE NEW	77	2025-05-10 19:41:53.288559+03	t	3a1af720-92d9-4493-9895-22e2d2c7f03b	Versatile addition to any wardrobe.
89	Summer Dress	XXL	USED	290	2025-05-10 19:42:53.375811+03	t	9c2792e0-85dc-4bbe-93d4-261f832e4ef3	Versatile addition to any wardrobe.
90	Designer Jeans	42	NEW	176	2025-05-10 19:43:53.450606+03	t	9c2792e0-85dc-4bbe-93d4-261f832e4ef3	Great value for a designer item.
91	Evening Gown	M	LIKE NEW	493	2025-05-10 19:44:53.49479+03	t	d62a6fff-42c2-406b-9eab-98e96a3e6cfe	Great value for a designer item.
92	Linen Pants	44	NEW	493	2025-05-10 19:45:53.577589+03	t	d62a6fff-42c2-406b-9eab-98e96a3e6cfe	Seasonal must-have at a fraction of the retail price.
93	Designer Jeans	M	BARELY WORN	147	2025-05-10 19:46:53.644993+03	t	3a1af720-92d9-4493-9895-22e2d2c7f03b	Great value for a designer item.
94	Summer Dress	36	LIKE NEW	478	2025-05-10 19:47:53.689231+03	t	89a6fcdc-9860-4c5f-a121-e0d07adb43d2	Versatile addition to any wardrobe.
95	Winter Coat	XL	LIKE NEW	275	2025-05-10 19:48:53.753112+03	t	d62a6fff-42c2-406b-9eab-98e96a3e6cfe	Great value for a designer item.
96	Leather Skirt	44	BARELY WORN	307	2025-05-10 19:49:53.808189+03	t	3a1af720-92d9-4493-9895-22e2d2c7f03b	High-quality material that will last.
97	Designer Jeans	44	BARELY WORN	193	2025-05-10 19:50:53.892769+03	t	2a277eb6-cd9b-41ba-ba13-ef3512361d8a	High-quality material that will last.
98	Designer Jeans	36	BARELY WORN	255	2025-05-10 19:51:53.950088+03	t	89a6fcdc-9860-4c5f-a121-e0d07adb43d2	High-quality material that will last.
99	Accessories Bundle	36	BARELY WORN	279	2025-05-10 19:52:54.039922+03	t	3a1af720-92d9-4493-9895-22e2d2c7f03b	High-quality material that will last.
100	Cashmere Scarf	S	LIKE NEW	109	2025-05-10 19:53:54.08381+03	t	2a277eb6-cd9b-41ba-ba13-ef3512361d8a	Great value for a designer item.
101	Winter Coat	40	NEW	79	2025-05-10 19:54:54.178946+03	t	9c2792e0-85dc-4bbe-93d4-261f832e4ef3	Unique piece that will stand out in your wardrobe.
102	Swimwear Set	S	NEW	484	2025-05-10 19:55:54.25494+03	t	d62a6fff-42c2-406b-9eab-98e96a3e6cfe	Classic style that never goes out of fashion.
103	Cashmere Scarf	S	BARELY WORN	194	2025-05-10 19:56:54.28906+03	t	f06586a5-42e2-40c6-9e81-c840636be83f	Classic style that never goes out of fashion.
104	Linen Pants	42	NEW	465	2025-05-10 19:57:54.307005+03	t	dcf7abe9-6a5c-4025-8751-45d2808a3a28	Seasonal must-have at a fraction of the retail price.
105	Leather Skirt	40	LIKE NEW	99	2025-05-10 19:58:54.350372+03	t	89a6fcdc-9860-4c5f-a121-e0d07adb43d2	In excellent condition, barely worn.
106	Silk Blouse	40	NEW	368	2025-05-10 19:59:54.476768+03	t	3a1af720-92d9-4493-9895-22e2d2c7f03b	Great value for a designer item.
107	Swimwear Set	L	USED	284	2025-05-10 20:00:54.519073+03	t	2a277eb6-cd9b-41ba-ba13-ef3512361d8a	Minor wear but still looks great.
108	Vintage Denim Jacket	36	NEW	369	2025-05-10 20:01:54.849032+03	t	3a1af720-92d9-4493-9895-22e2d2c7f03b	Unique piece that will stand out in your wardrobe.
109	Accessories Bundle	36	BARELY WORN	435	2025-05-10 20:02:55.276104+03	t	2a277eb6-cd9b-41ba-ba13-ef3512361d8a	Perfect for both casual and formal occasions.
110	Swimwear Set	L	BARELY WORN	250	2025-05-10 20:03:55.331863+03	t	2a277eb6-cd9b-41ba-ba13-ef3512361d8a	Perfect for both casual and formal occasions.
111	Silk Blouse	42	LIKE NEW	253	2025-05-10 20:04:55.704306+03	t	3a1af720-92d9-4493-9895-22e2d2c7f03b	Minor wear but still looks great.
112	Linen Pants	XXL	NEW	125	2025-05-10 20:05:55.79369+03	t	89a6fcdc-9860-4c5f-a121-e0d07adb43d2	Versatile addition to any wardrobe.
113	Accessories Bundle	40	NEW	246	2025-05-10 20:06:55.861681+03	t	d62a6fff-42c2-406b-9eab-98e96a3e6cfe	Unique piece that will stand out in your wardrobe.
114	Cotton T-Shirt	38	BARELY WORN	453	2025-05-10 20:07:55.918091+03	t	dcf7abe9-6a5c-4025-8751-45d2808a3a28	Unique piece that will stand out in your wardrobe.
115	Formal Suit	36	LIKE NEW	327	2025-05-10 20:08:56.067656+03	t	3a1af720-92d9-4493-9895-22e2d2c7f03b	Seasonal must-have at a fraction of the retail price.
116	Athletic Wear	M	LIKE NEW	231	2025-05-10 20:09:56.279583+03	t	d62a6fff-42c2-406b-9eab-98e96a3e6cfe	Comfortable and stylish for everyday wear.
117	Linen Pants	38	BARELY WORN	462	2025-05-10 20:10:56.387107+03	t	2a277eb6-cd9b-41ba-ba13-ef3512361d8a	Great value for a designer item.
118	Cotton T-Shirt	XL	BARELY WORN	366	2025-05-10 20:11:56.538679+03	t	9c2792e0-85dc-4bbe-93d4-261f832e4ef3	Great value for a designer item.
119	Evening Gown	M	LIKE NEW	269	2025-05-10 20:12:56.616188+03	t	d62a6fff-42c2-406b-9eab-98e96a3e6cfe	Great value for a designer item.
120	Leather Skirt	M	BARELY WORN	421	2025-05-10 20:13:56.684275+03	t	3a1af720-92d9-4493-9895-22e2d2c7f03b	In excellent condition, barely worn.
121	Silk Blouse	L	BARELY WORN	453	2025-05-10 20:14:56.855755+03	t	d62a6fff-42c2-406b-9eab-98e96a3e6cfe	Great value for a designer item.
122	Winter Coat	L	NEW	156	2025-05-10 20:15:56.932412+03	t	2a277eb6-cd9b-41ba-ba13-ef3512361d8a	Comfortable and stylish for everyday wear.
123	Leather Skirt	42	BARELY WORN	82	2025-05-10 20:16:57.07089+03	t	3a1af720-92d9-4493-9895-22e2d2c7f03b	In excellent condition, barely worn.
124	Leather Skirt	42	BARELY WORN	210	2025-05-10 20:17:57.152813+03	t	9c2792e0-85dc-4bbe-93d4-261f832e4ef3	Unique piece that will stand out in your wardrobe.
125	Winter Coat	44	BARELY WORN	367	2025-05-10 20:18:57.232595+03	t	89a6fcdc-9860-4c5f-a121-e0d07adb43d2	Versatile addition to any wardrobe.
126	Accessories Bundle	S	LIKE NEW	221	2025-05-10 20:19:57.506181+03	t	dcf7abe9-6a5c-4025-8751-45d2808a3a28	High-quality material that will last.
127	Cashmere Scarf	44	LIKE NEW	378	2025-05-10 20:20:57.54779+03	t	d62a6fff-42c2-406b-9eab-98e96a3e6cfe	Perfect for both casual and formal occasions.
128	Wool Sweater	40	BARELY WORN	333	2025-05-10 20:21:57.661204+03	t	f06586a5-42e2-40c6-9e81-c840636be83f	High-quality material that will last.
129	Wool Sweater	36	NEW	231	2025-05-10 20:22:57.757311+03	t	2a277eb6-cd9b-41ba-ba13-ef3512361d8a	In excellent condition, barely worn.
130	Accessories Bundle	XXL	BARELY WORN	68	2025-05-10 20:23:57.867838+03	t	f06586a5-42e2-40c6-9e81-c840636be83f	Comfortable and stylish for everyday wear.
131	Cotton T-Shirt	40	LIKE NEW	125	2025-05-10 20:24:58.147735+03	t	f06586a5-42e2-40c6-9e81-c840636be83f	Versatile addition to any wardrobe.
132	Cashmere Scarf	40	LIKE NEW	339	2025-05-10 20:25:58.19964+03	t	9c2792e0-85dc-4bbe-93d4-261f832e4ef3	In excellent condition, barely worn.
133	Winter Coat	XXL	NEW	164	2025-05-10 20:26:58.254507+03	t	2a277eb6-cd9b-41ba-ba13-ef3512361d8a	Comfortable and stylish for everyday wear.
134	Winter Coat	38	USED	418	2025-05-10 20:27:58.330147+03	t	dcf7abe9-6a5c-4025-8751-45d2808a3a28	Perfect for both casual and formal occasions.
135	Cotton T-Shirt	38	NEW	402	2025-05-10 20:28:58.392091+03	t	f06586a5-42e2-40c6-9e81-c840636be83f	Minor wear but still looks great.
136	Vintage Denim Jacket	L	LIKE NEW	139	2025-05-10 20:29:58.66995+03	t	f06586a5-42e2-40c6-9e81-c840636be83f	High-quality material that will last.
137	Linen Pants	XL	NEW	109	2025-05-10 20:30:58.864739+03	t	dcf7abe9-6a5c-4025-8751-45d2808a3a28	In excellent condition, barely worn.
138	Evening Gown	XXL	BARELY WORN	273	2025-05-10 20:31:59.010009+03	t	2a277eb6-cd9b-41ba-ba13-ef3512361d8a	Seasonal must-have at a fraction of the retail price.
139	Designer Jeans	XL	LIKE NEW	193	2025-05-10 20:32:59.066776+03	t	9c2792e0-85dc-4bbe-93d4-261f832e4ef3	Classic style that never goes out of fashion.
140	Linen Pants	38	USED	448	2025-05-10 20:33:59.12962+03	t	d62a6fff-42c2-406b-9eab-98e96a3e6cfe	Minor wear but still looks great.
141	Designer Jeans	38	NEW	235	2025-05-10 20:34:59.335499+03	t	dcf7abe9-6a5c-4025-8751-45d2808a3a28	Versatile addition to any wardrobe.
142	Leather Skirt	L	NEW	127	2025-05-10 20:35:59.385753+03	t	9c2792e0-85dc-4bbe-93d4-261f832e4ef3	In excellent condition, barely worn.
143	Cotton T-Shirt	44	BARELY WORN	245	2025-05-10 20:36:59.5179+03	t	89a6fcdc-9860-4c5f-a121-e0d07adb43d2	Perfect for both casual and formal occasions.
144	Formal Suit	S	NEW	158	2025-05-10 20:37:59.599606+03	t	3a1af720-92d9-4493-9895-22e2d2c7f03b	Versatile addition to any wardrobe.
145	Casual Shirt	S	BARELY WORN	246	2025-05-10 20:38:59.683872+03	t	f06586a5-42e2-40c6-9e81-c840636be83f	Great value for a designer item.
146	Cotton T-Shirt	XXL	BARELY WORN	484	2025-05-10 20:39:59.919768+03	t	89a6fcdc-9860-4c5f-a121-e0d07adb43d2	Perfect for both casual and formal occasions.
147	Casual Shirt	42	BARELY WORN	413	2025-05-10 20:41:00.000772+03	t	89a6fcdc-9860-4c5f-a121-e0d07adb43d2	In excellent condition, barely worn.
148	Linen Pants	40	BARELY WORN	473	2025-05-10 20:42:00.099474+03	t	dcf7abe9-6a5c-4025-8751-45d2808a3a28	Unique piece that will stand out in your wardrobe.
149	Casual Shirt	36	LIKE NEW	496	2025-05-10 20:43:00.165335+03	t	89a6fcdc-9860-4c5f-a121-e0d07adb43d2	High-quality material that will last.
150	Cashmere Scarf	44	BARELY WORN	353	2025-05-10 20:44:00.250149+03	t	9c2792e0-85dc-4bbe-93d4-261f832e4ef3	Minor wear but still looks great.
151	Cotton T-Shirt	S	NEW	18	2025-05-10 20:45:00.457364+03	t	d62a6fff-42c2-406b-9eab-98e96a3e6cfe	Unique piece that will stand out in your wardrobe.
152	Silk Blouse	S	USED	175	2025-05-10 20:46:00.553157+03	t	d62a6fff-42c2-406b-9eab-98e96a3e6cfe	Classic style that never goes out of fashion.
153	Casual Shirt	36	LIKE NEW	217	2025-05-10 20:47:00.685568+03	t	d62a6fff-42c2-406b-9eab-98e96a3e6cfe	Versatile addition to any wardrobe.
154	Casual Shirt	36	USED	18	2025-05-10 20:48:00.735236+03	t	89a6fcdc-9860-4c5f-a121-e0d07adb43d2	Minor wear but still looks great.
155	Casual Shirt	S	LIKE NEW	498	2025-05-10 20:49:00.79153+03	t	9c2792e0-85dc-4bbe-93d4-261f832e4ef3	Perfect for both casual and formal occasions.
156	Silk Blouse	XXL	LIKE NEW	322	2025-05-10 20:50:01.027527+03	t	d62a6fff-42c2-406b-9eab-98e96a3e6cfe	Versatile addition to any wardrobe.
157	Silk Blouse	42	NEW	214	2025-05-10 20:51:01.087356+03	t	3a1af720-92d9-4493-9895-22e2d2c7f03b	Perfect for both casual and formal occasions.
158	Silk Blouse	38	LIKE NEW	34	2025-05-10 20:52:01.203001+03	t	3a1af720-92d9-4493-9895-22e2d2c7f03b	Perfect for both casual and formal occasions.
159	Swimwear Set	L	LIKE NEW	456	2025-05-10 20:53:01.304728+03	t	dcf7abe9-6a5c-4025-8751-45d2808a3a28	Comfortable and stylish for everyday wear.
160	Swimwear Set	36	USED	231	2025-05-10 20:54:01.4428+03	t	f06586a5-42e2-40c6-9e81-c840636be83f	Versatile addition to any wardrobe.
161	Designer Jeans	XXL	USED	34	2025-05-10 20:55:01.59104+03	t	f06586a5-42e2-40c6-9e81-c840636be83f	Perfect for both casual and formal occasions.
162	Winter Coat	M	LIKE NEW	305	2025-05-10 20:56:01.627118+03	t	89a6fcdc-9860-4c5f-a121-e0d07adb43d2	In excellent condition, barely worn.
163	Cashmere Scarf	38	USED	480	2025-05-10 20:57:01.678645+03	t	dcf7abe9-6a5c-4025-8751-45d2808a3a28	In excellent condition, barely worn.
164	Vintage Denim Jacket	M	NEW	297	2025-05-10 20:58:01.737452+03	t	3a1af720-92d9-4493-9895-22e2d2c7f03b	In excellent condition, barely worn.
165	Cashmere Scarf	36	NEW	268	2025-05-10 20:59:01.802796+03	t	3a1af720-92d9-4493-9895-22e2d2c7f03b	In excellent condition, barely worn.
166	Designer Jeans	XL	NEW	316	2025-05-10 21:00:01.983369+03	t	3a1af720-92d9-4493-9895-22e2d2c7f03b	Seasonal must-have at a fraction of the retail price.
167	Evening Gown	XXL	USED	44	2025-05-10 21:01:02.078373+03	t	f06586a5-42e2-40c6-9e81-c840636be83f	Classic style that never goes out of fashion.
168	Formal Suit	40	BARELY WORN	123	2025-05-10 21:02:02.135939+03	t	f06586a5-42e2-40c6-9e81-c840636be83f	Classic style that never goes out of fashion.
169	Swimwear Set	S	NEW	283	2025-05-10 21:03:02.219678+03	t	f06586a5-42e2-40c6-9e81-c840636be83f	Seasonal must-have at a fraction of the retail price.
170	Designer Jeans	XXL	USED	396	2025-05-10 21:04:02.283798+03	t	3a1af720-92d9-4493-9895-22e2d2c7f03b	Comfortable and stylish for everyday wear.
171	Leather Skirt	XL	USED	49	2025-05-10 21:05:02.461414+03	t	9c2792e0-85dc-4bbe-93d4-261f832e4ef3	Unique piece that will stand out in your wardrobe.
172	Wool Sweater	40	NEW	283	2025-05-10 21:06:02.59639+03	t	f06586a5-42e2-40c6-9e81-c840636be83f	Classic style that never goes out of fashion.
173	Formal Suit	M	BARELY WORN	111	2025-05-10 21:07:02.801719+03	t	89a6fcdc-9860-4c5f-a121-e0d07adb43d2	Minor wear but still looks great.
174	Athletic Wear	M	LIKE NEW	160	2025-05-10 21:08:02.879284+03	t	3a1af720-92d9-4493-9895-22e2d2c7f03b	Versatile addition to any wardrobe.
175	Cotton T-Shirt	36	LIKE NEW	497	2025-05-10 21:09:02.941917+03	t	2a277eb6-cd9b-41ba-ba13-ef3512361d8a	Perfect for both casual and formal occasions.
176	Vintage Denim Jacket	L	LIKE NEW	348	2025-05-10 21:10:03.098882+03	t	3a1af720-92d9-4493-9895-22e2d2c7f03b	High-quality material that will last.
177	Accessories Bundle	40	USED	100	2025-05-10 21:11:03.145658+03	t	dcf7abe9-6a5c-4025-8751-45d2808a3a28	Great value for a designer item.
178	Summer Dress	L	NEW	304	2025-05-10 21:12:03.280477+03	t	3a1af720-92d9-4493-9895-22e2d2c7f03b	Unique piece that will stand out in your wardrobe.
179	Formal Suit	M	USED	152	2025-05-10 21:13:03.36937+03	t	f06586a5-42e2-40c6-9e81-c840636be83f	Great value for a designer item.
180	Swimwear Set	36	NEW	32	2025-05-10 21:14:03.493194+03	t	dcf7abe9-6a5c-4025-8751-45d2808a3a28	Seasonal must-have at a fraction of the retail price.
181	Wool Sweater	XL	NEW	81	2025-05-10 21:15:03.671168+03	t	89a6fcdc-9860-4c5f-a121-e0d07adb43d2	Classic style that never goes out of fashion.
182	Vintage Denim Jacket	40	NEW	391	2025-05-10 21:16:03.832546+03	t	89a6fcdc-9860-4c5f-a121-e0d07adb43d2	Minor wear but still looks great.
183	Athletic Wear	38	BARELY WORN	182	2025-05-10 21:17:03.890699+03	t	9c2792e0-85dc-4bbe-93d4-261f832e4ef3	Comfortable and stylish for everyday wear.
184	Swimwear Set	XL	USED	258	2025-05-10 21:18:03.959921+03	t	89a6fcdc-9860-4c5f-a121-e0d07adb43d2	Perfect for both casual and formal occasions.
185	Leather Skirt	M	BARELY WORN	416	2025-05-10 21:19:04.05432+03	t	89a6fcdc-9860-4c5f-a121-e0d07adb43d2	Perfect for both casual and formal occasions.
186	Casual Shirt	36	USED	187	2025-05-10 21:20:04.295009+03	t	2a277eb6-cd9b-41ba-ba13-ef3512361d8a	In excellent condition, barely worn.
187	Swimwear Set	M	LIKE NEW	362	2025-05-10 21:21:04.408581+03	t	dcf7abe9-6a5c-4025-8751-45d2808a3a28	Great value for a designer item.
188	Swimwear Set	M	NEW	88	2025-05-10 21:22:04.483676+03	t	dcf7abe9-6a5c-4025-8751-45d2808a3a28	Seasonal must-have at a fraction of the retail price.
189	Silk Blouse	XXL	BARELY WORN	310	2025-05-10 21:23:04.590551+03	t	3a1af720-92d9-4493-9895-22e2d2c7f03b	High-quality material that will last.
190	Formal Suit	XXL	NEW	354	2025-05-10 21:24:04.701092+03	t	9c2792e0-85dc-4bbe-93d4-261f832e4ef3	Great value for a designer item.
191	Accessories Bundle	S	BARELY WORN	287	2025-05-10 21:25:04.929778+03	t	d62a6fff-42c2-406b-9eab-98e96a3e6cfe	Comfortable and stylish for everyday wear.
192	Swimwear Set	XL	LIKE NEW	381	2025-05-10 21:26:04.980453+03	t	3a1af720-92d9-4493-9895-22e2d2c7f03b	Perfect for both casual and formal occasions.
193	Cotton T-Shirt	L	NEW	249	2025-05-10 21:27:05.056917+03	t	f06586a5-42e2-40c6-9e81-c840636be83f	Perfect for both casual and formal occasions.
194	Linen Pants	M	LIKE NEW	33	2025-05-10 21:28:05.108886+03	t	dcf7abe9-6a5c-4025-8751-45d2808a3a28	Seasonal must-have at a fraction of the retail price.
195	Linen Pants	M	LIKE NEW	209	2025-05-10 21:29:05.197986+03	t	2a277eb6-cd9b-41ba-ba13-ef3512361d8a	Perfect for both casual and formal occasions.
196	Cashmere Scarf	M	USED	266	2025-05-10 21:30:05.458144+03	t	2a277eb6-cd9b-41ba-ba13-ef3512361d8a	Unique piece that will stand out in your wardrobe.
197	Winter Coat	42	BARELY WORN	241	2025-05-10 21:31:05.539209+03	t	2a277eb6-cd9b-41ba-ba13-ef3512361d8a	Seasonal must-have at a fraction of the retail price.
198	Wool Sweater	36	USED	171	2025-05-10 21:32:05.638592+03	t	d62a6fff-42c2-406b-9eab-98e96a3e6cfe	Unique piece that will stand out in your wardrobe.
199	Summer Dress	S	NEW	423	2025-05-10 21:33:05.716152+03	t	dcf7abe9-6a5c-4025-8751-45d2808a3a28	High-quality material that will last.
200	Athletic Wear	XXL	USED	220	2025-05-10 21:34:05.785577+03	t	9c2792e0-85dc-4bbe-93d4-261f832e4ef3	Comfortable and stylish for everyday wear.
201	Winter Coat	44	NEW	44	2025-05-10 21:35:05.993002+03	t	89a6fcdc-9860-4c5f-a121-e0d07adb43d2	Perfect for both casual and formal occasions.
202	Casual Shirt	36	BARELY WORN	349	2025-05-10 21:36:06.069328+03	t	dcf7abe9-6a5c-4025-8751-45d2808a3a28	Comfortable and stylish for everyday wear.
203	Wool Sweater	XXL	LIKE NEW	185	2025-05-10 21:37:06.235934+03	t	89a6fcdc-9860-4c5f-a121-e0d07adb43d2	Great value for a designer item.
204	Cotton T-Shirt	XXL	LIKE NEW	373	2025-05-10 21:38:06.332093+03	t	dcf7abe9-6a5c-4025-8751-45d2808a3a28	Minor wear but still looks great.
205	Cashmere Scarf	40	USED	311	2025-05-10 21:39:06.380211+03	t	89a6fcdc-9860-4c5f-a121-e0d07adb43d2	High-quality material that will last.
206	Cashmere Scarf	XL	NEW	339	2025-05-10 21:40:06.57412+03	t	9c2792e0-85dc-4bbe-93d4-261f832e4ef3	Versatile addition to any wardrobe.
207	Vintage Denim Jacket	36	NEW	166	2025-05-10 21:41:06.636882+03	t	89a6fcdc-9860-4c5f-a121-e0d07adb43d2	Classic style that never goes out of fashion.
208	Vintage Denim Jacket	S	USED	137	2025-05-10 21:42:06.724854+03	t	d62a6fff-42c2-406b-9eab-98e96a3e6cfe	Great value for a designer item.
209	Athletic Wear	L	NEW	161	2025-05-10 21:43:06.82529+03	t	d62a6fff-42c2-406b-9eab-98e96a3e6cfe	Perfect for both casual and formal occasions.
210	Cotton T-Shirt	XXL	NEW	113	2025-05-10 21:44:06.91364+03	t	9c2792e0-85dc-4bbe-93d4-261f832e4ef3	Great value for a designer item.
211	Casual Shirt	XXL	NEW	35	2025-05-10 21:45:07.17036+03	t	9c2792e0-85dc-4bbe-93d4-261f832e4ef3	Classic style that never goes out of fashion.
212	Cashmere Scarf	XXL	BARELY WORN	110	2025-05-10 21:46:07.362271+03	t	9c2792e0-85dc-4bbe-93d4-261f832e4ef3	Seasonal must-have at a fraction of the retail price.
213	Silk Blouse	36	LIKE NEW	430	2025-05-10 21:47:07.4275+03	t	3a1af720-92d9-4493-9895-22e2d2c7f03b	In excellent condition, barely worn.
214	Athletic Wear	M	USED	51	2025-05-10 21:48:07.482525+03	t	f06586a5-42e2-40c6-9e81-c840636be83f	Great value for a designer item.
215	Designer Jeans	XXL	USED	332	2025-05-10 21:49:07.550981+03	t	3a1af720-92d9-4493-9895-22e2d2c7f03b	Perfect for both casual and formal occasions.
216	Cotton T-Shirt	42	NEW	382	2025-05-10 21:50:07.742639+03	t	2a277eb6-cd9b-41ba-ba13-ef3512361d8a	High-quality material that will last.
217	Swimwear Set	M	LIKE NEW	392	2025-05-10 21:51:07.860958+03	t	d62a6fff-42c2-406b-9eab-98e96a3e6cfe	Great value for a designer item.
218	Evening Gown	44	NEW	210	2025-05-10 21:52:07.941177+03	t	3a1af720-92d9-4493-9895-22e2d2c7f03b	Perfect for both casual and formal occasions.
219	Winter Coat	36	USED	211	2025-05-10 21:53:08.077182+03	t	2a277eb6-cd9b-41ba-ba13-ef3512361d8a	Great value for a designer item.
220	Silk Blouse	XL	USED	183	2025-05-10 21:54:08.285286+03	t	3a1af720-92d9-4493-9895-22e2d2c7f03b	Minor wear but still looks great.
221	Designer Jeans	XL	BARELY WORN	158	2025-05-10 21:55:08.515979+03	t	f06586a5-42e2-40c6-9e81-c840636be83f	Unique piece that will stand out in your wardrobe.
222	Formal Suit	XL	NEW	46	2025-05-10 21:56:08.572534+03	t	9c2792e0-85dc-4bbe-93d4-261f832e4ef3	Perfect for both casual and formal occasions.
223	Swimwear Set	M	BARELY WORN	201	2025-05-10 21:57:08.645229+03	t	f06586a5-42e2-40c6-9e81-c840636be83f	Seasonal must-have at a fraction of the retail price.
224	Athletic Wear	M	BARELY WORN	271	2025-05-10 21:58:08.814868+03	t	d62a6fff-42c2-406b-9eab-98e96a3e6cfe	High-quality material that will last.
225	Winter Coat	M	USED	482	2025-05-10 21:59:08.886125+03	t	f06586a5-42e2-40c6-9e81-c840636be83f	Classic style that never goes out of fashion.
226	Athletic Wear	40	LIKE NEW	332	2025-05-10 22:00:09.083164+03	t	2a277eb6-cd9b-41ba-ba13-ef3512361d8a	Great value for a designer item.
227	Silk Blouse	M	BARELY WORN	233	2025-05-10 22:01:09.232552+03	t	f06586a5-42e2-40c6-9e81-c840636be83f	Perfect for both casual and formal occasions.
228	Designer Jeans	XXL	NEW	354	2025-05-10 22:02:09.360876+03	t	d62a6fff-42c2-406b-9eab-98e96a3e6cfe	Seasonal must-have at a fraction of the retail price.
229	Vintage Denim Jacket	XL	NEW	130	2025-05-10 22:03:09.456378+03	t	dcf7abe9-6a5c-4025-8751-45d2808a3a28	Unique piece that will stand out in your wardrobe.
230	Designer Jeans	M	LIKE NEW	495	2025-05-10 22:04:09.571277+03	t	f06586a5-42e2-40c6-9e81-c840636be83f	Minor wear but still looks great.
231	Accessories Bundle	40	USED	45	2025-05-10 22:05:09.80273+03	t	f06586a5-42e2-40c6-9e81-c840636be83f	Classic style that never goes out of fashion.
232	Designer Jeans	S	LIKE NEW	101	2025-05-10 22:06:09.917343+03	t	f06586a5-42e2-40c6-9e81-c840636be83f	Great value for a designer item.
233	Wool Sweater	36	USED	43	2025-05-10 22:07:10.019325+03	t	2a277eb6-cd9b-41ba-ba13-ef3512361d8a	In excellent condition, barely worn.
234	Silk Blouse	L	BARELY WORN	14	2025-05-10 22:08:10.113988+03	t	9c2792e0-85dc-4bbe-93d4-261f832e4ef3	Minor wear but still looks great.
235	Leather Skirt	42	LIKE NEW	364	2025-05-10 22:09:10.19267+03	t	dcf7abe9-6a5c-4025-8751-45d2808a3a28	Minor wear but still looks great.
236	Winter Coat	36	LIKE NEW	418	2025-05-10 22:10:10.348628+03	t	d62a6fff-42c2-406b-9eab-98e96a3e6cfe	Classic style that never goes out of fashion.
237	Silk Blouse	XL	NEW	181	2025-05-10 22:11:10.490748+03	t	f06586a5-42e2-40c6-9e81-c840636be83f	In excellent condition, barely worn.
238	Winter Coat	M	USED	12	2025-05-10 22:12:10.737856+03	t	dcf7abe9-6a5c-4025-8751-45d2808a3a28	Classic style that never goes out of fashion.
239	Summer Dress	42	NEW	293	2025-05-10 22:13:10.808828+03	t	2a277eb6-cd9b-41ba-ba13-ef3512361d8a	Great value for a designer item.
240	Designer Jeans	36	USED	240	2025-05-10 22:14:10.844855+03	t	89a6fcdc-9860-4c5f-a121-e0d07adb43d2	Comfortable and stylish for everyday wear.
241	Accessories Bundle	38	USED	344	2025-05-10 22:15:10.957608+03	t	d62a6fff-42c2-406b-9eab-98e96a3e6cfe	In excellent condition, barely worn.
242	Cotton T-Shirt	40	NEW	256	2025-05-10 22:16:11.023015+03	t	f06586a5-42e2-40c6-9e81-c840636be83f	Versatile addition to any wardrobe.
243	Cotton T-Shirt	XL	BARELY WORN	166	2025-05-10 22:17:11.04924+03	t	9c2792e0-85dc-4bbe-93d4-261f832e4ef3	Comfortable and stylish for everyday wear.
244	Cashmere Scarf	XL	LIKE NEW	258	2025-05-10 22:18:11.200869+03	t	f06586a5-42e2-40c6-9e81-c840636be83f	Perfect for both casual and formal occasions.
245	Cotton T-Shirt	44	NEW	300	2025-05-10 22:19:11.326053+03	t	89a6fcdc-9860-4c5f-a121-e0d07adb43d2	In excellent condition, barely worn.
246	Silk Blouse	M	LIKE NEW	140	2025-05-10 22:20:11.585618+03	t	89a6fcdc-9860-4c5f-a121-e0d07adb43d2	Unique piece that will stand out in your wardrobe.
247	Cashmere Scarf	42	LIKE NEW	54	2025-05-10 22:21:11.870476+03	t	f06586a5-42e2-40c6-9e81-c840636be83f	In excellent condition, barely worn.
248	Designer Jeans	36	LIKE NEW	357	2025-05-10 22:22:11.944166+03	t	f06586a5-42e2-40c6-9e81-c840636be83f	Great value for a designer item.
249	Cotton T-Shirt	38	NEW	418	2025-05-10 22:23:11.96507+03	t	3a1af720-92d9-4493-9895-22e2d2c7f03b	Unique piece that will stand out in your wardrobe.
250	Cashmere Scarf	S	NEW	111	2025-05-10 22:24:12.002382+03	t	89a6fcdc-9860-4c5f-a121-e0d07adb43d2	Comfortable and stylish for everyday wear.
251	Silk Blouse	M	USED	422	2025-05-10 22:25:12.097663+03	t	d62a6fff-42c2-406b-9eab-98e96a3e6cfe	Unique piece that will stand out in your wardrobe.
252	Accessories Bundle	L	NEW	67	2025-05-11 01:26:10.432392+03	t	d62a6fff-42c2-406b-9eab-98e96a3e6cfe	In excellent condition, barely worn.
253	Summer Dress	S	BARELY WORN	154	2025-05-12 10:44:31.030215+03	t	f06586a5-42e2-40c6-9e81-c840636be83f	Comfortable and stylish for everyday wear.
\.


--
-- Data for Name: __EFMigrationsHistory; Type: TABLE DATA; Schema: public; Owner: postgres
--

COPY public."__EFMigrationsHistory" ("MigrationId", "ProductVersion") FROM stdin;
20250326023449_InitialCreate	9.0.3
20250326025222_CreateInitialSchema	9.0.3
20250406021849_AddDescriptionToListings	9.0.3
\.


--
-- Name: AspNetRoleClaims_Id_seq; Type: SEQUENCE SET; Schema: public; Owner: postgres
--

SELECT pg_catalog.setval('public."AspNetRoleClaims_Id_seq"', 1, false);


--
-- Name: AspNetUserClaims_Id_seq; Type: SEQUENCE SET; Schema: public; Owner: postgres
--

SELECT pg_catalog.setval('public."AspNetUserClaims_Id_seq"', 1, false);


--
-- Name: ChatMessages_Id_seq; Type: SEQUENCE SET; Schema: public; Owner: postgres
--

SELECT pg_catalog.setval('public."ChatMessages_Id_seq"', 3, true);


--
-- Name: Feedbacks_Id_seq; Type: SEQUENCE SET; Schema: public; Owner: postgres
--

SELECT pg_catalog.setval('public."Feedbacks_Id_seq"', 1, false);


--
-- Name: ListingPhotos_Id_seq; Type: SEQUENCE SET; Schema: public; Owner: postgres
--

SELECT pg_catalog.setval('public."ListingPhotos_Id_seq"', 279, true);


--
-- Name: Listings_Id_seq; Type: SEQUENCE SET; Schema: public; Owner: postgres
--

SELECT pg_catalog.setval('public."Listings_Id_seq"', 253, true);


--
-- Name: AspNetRoleClaims PK_AspNetRoleClaims; Type: CONSTRAINT; Schema: public; Owner: postgres
--

ALTER TABLE ONLY public."AspNetRoleClaims"
    ADD CONSTRAINT "PK_AspNetRoleClaims" PRIMARY KEY ("Id");


--
-- Name: AspNetRoles PK_AspNetRoles; Type: CONSTRAINT; Schema: public; Owner: postgres
--

ALTER TABLE ONLY public."AspNetRoles"
    ADD CONSTRAINT "PK_AspNetRoles" PRIMARY KEY ("Id");


--
-- Name: AspNetUserClaims PK_AspNetUserClaims; Type: CONSTRAINT; Schema: public; Owner: postgres
--

ALTER TABLE ONLY public."AspNetUserClaims"
    ADD CONSTRAINT "PK_AspNetUserClaims" PRIMARY KEY ("Id");


--
-- Name: AspNetUserLogins PK_AspNetUserLogins; Type: CONSTRAINT; Schema: public; Owner: postgres
--

ALTER TABLE ONLY public."AspNetUserLogins"
    ADD CONSTRAINT "PK_AspNetUserLogins" PRIMARY KEY ("LoginProvider", "ProviderKey");


--
-- Name: AspNetUserRoles PK_AspNetUserRoles; Type: CONSTRAINT; Schema: public; Owner: postgres
--

ALTER TABLE ONLY public."AspNetUserRoles"
    ADD CONSTRAINT "PK_AspNetUserRoles" PRIMARY KEY ("UserId", "RoleId");


--
-- Name: AspNetUserTokens PK_AspNetUserTokens; Type: CONSTRAINT; Schema: public; Owner: postgres
--

ALTER TABLE ONLY public."AspNetUserTokens"
    ADD CONSTRAINT "PK_AspNetUserTokens" PRIMARY KEY ("UserId", "LoginProvider", "Name");


--
-- Name: AspNetUsers PK_AspNetUsers; Type: CONSTRAINT; Schema: public; Owner: postgres
--

ALTER TABLE ONLY public."AspNetUsers"
    ADD CONSTRAINT "PK_AspNetUsers" PRIMARY KEY ("Id");


--
-- Name: ChatMessages PK_ChatMessages; Type: CONSTRAINT; Schema: public; Owner: postgres
--

ALTER TABLE ONLY public."ChatMessages"
    ADD CONSTRAINT "PK_ChatMessages" PRIMARY KEY ("Id");


--
-- Name: Feedbacks PK_Feedbacks; Type: CONSTRAINT; Schema: public; Owner: postgres
--

ALTER TABLE ONLY public."Feedbacks"
    ADD CONSTRAINT "PK_Feedbacks" PRIMARY KEY ("Id");


--
-- Name: ListingPhotos PK_ListingPhotos; Type: CONSTRAINT; Schema: public; Owner: postgres
--

ALTER TABLE ONLY public."ListingPhotos"
    ADD CONSTRAINT "PK_ListingPhotos" PRIMARY KEY ("Id");


--
-- Name: Listings PK_Listings; Type: CONSTRAINT; Schema: public; Owner: postgres
--

ALTER TABLE ONLY public."Listings"
    ADD CONSTRAINT "PK_Listings" PRIMARY KEY ("Id");


--
-- Name: __EFMigrationsHistory PK___EFMigrationsHistory; Type: CONSTRAINT; Schema: public; Owner: postgres
--

ALTER TABLE ONLY public."__EFMigrationsHistory"
    ADD CONSTRAINT "PK___EFMigrationsHistory" PRIMARY KEY ("MigrationId");


--
-- Name: EmailIndex; Type: INDEX; Schema: public; Owner: postgres
--

CREATE INDEX "EmailIndex" ON public."AspNetUsers" USING btree ("NormalizedEmail");


--
-- Name: IX_AspNetRoleClaims_RoleId; Type: INDEX; Schema: public; Owner: postgres
--

CREATE INDEX "IX_AspNetRoleClaims_RoleId" ON public."AspNetRoleClaims" USING btree ("RoleId");


--
-- Name: IX_AspNetUserClaims_UserId; Type: INDEX; Schema: public; Owner: postgres
--

CREATE INDEX "IX_AspNetUserClaims_UserId" ON public."AspNetUserClaims" USING btree ("UserId");


--
-- Name: IX_AspNetUserLogins_UserId; Type: INDEX; Schema: public; Owner: postgres
--

CREATE INDEX "IX_AspNetUserLogins_UserId" ON public."AspNetUserLogins" USING btree ("UserId");


--
-- Name: IX_AspNetUserRoles_RoleId; Type: INDEX; Schema: public; Owner: postgres
--

CREATE INDEX "IX_AspNetUserRoles_RoleId" ON public."AspNetUserRoles" USING btree ("RoleId");


--
-- Name: IX_ChatMessages_ReceiverId; Type: INDEX; Schema: public; Owner: postgres
--

CREATE INDEX "IX_ChatMessages_ReceiverId" ON public."ChatMessages" USING btree ("ReceiverId");


--
-- Name: IX_ChatMessages_SenderId; Type: INDEX; Schema: public; Owner: postgres
--

CREATE INDEX "IX_ChatMessages_SenderId" ON public."ChatMessages" USING btree ("SenderId");


--
-- Name: IX_Feedbacks_ReviewerId; Type: INDEX; Schema: public; Owner: postgres
--

CREATE INDEX "IX_Feedbacks_ReviewerId" ON public."Feedbacks" USING btree ("ReviewerId");


--
-- Name: IX_Feedbacks_UserId; Type: INDEX; Schema: public; Owner: postgres
--

CREATE INDEX "IX_Feedbacks_UserId" ON public."Feedbacks" USING btree ("UserId");


--
-- Name: IX_ListingPhotos_ListingId; Type: INDEX; Schema: public; Owner: postgres
--

CREATE INDEX "IX_ListingPhotos_ListingId" ON public."ListingPhotos" USING btree ("ListingId");


--
-- Name: IX_Listings_UserId; Type: INDEX; Schema: public; Owner: postgres
--

CREATE INDEX "IX_Listings_UserId" ON public."Listings" USING btree ("UserId");


--
-- Name: RoleNameIndex; Type: INDEX; Schema: public; Owner: postgres
--

CREATE UNIQUE INDEX "RoleNameIndex" ON public."AspNetRoles" USING btree ("NormalizedName");


--
-- Name: UserNameIndex; Type: INDEX; Schema: public; Owner: postgres
--

CREATE UNIQUE INDEX "UserNameIndex" ON public."AspNetUsers" USING btree ("NormalizedUserName");


--
-- Name: AspNetRoleClaims FK_AspNetRoleClaims_AspNetRoles_RoleId; Type: FK CONSTRAINT; Schema: public; Owner: postgres
--

ALTER TABLE ONLY public."AspNetRoleClaims"
    ADD CONSTRAINT "FK_AspNetRoleClaims_AspNetRoles_RoleId" FOREIGN KEY ("RoleId") REFERENCES public."AspNetRoles"("Id") ON DELETE CASCADE;


--
-- Name: AspNetUserClaims FK_AspNetUserClaims_AspNetUsers_UserId; Type: FK CONSTRAINT; Schema: public; Owner: postgres
--

ALTER TABLE ONLY public."AspNetUserClaims"
    ADD CONSTRAINT "FK_AspNetUserClaims_AspNetUsers_UserId" FOREIGN KEY ("UserId") REFERENCES public."AspNetUsers"("Id") ON DELETE CASCADE;


--
-- Name: AspNetUserLogins FK_AspNetUserLogins_AspNetUsers_UserId; Type: FK CONSTRAINT; Schema: public; Owner: postgres
--

ALTER TABLE ONLY public."AspNetUserLogins"
    ADD CONSTRAINT "FK_AspNetUserLogins_AspNetUsers_UserId" FOREIGN KEY ("UserId") REFERENCES public."AspNetUsers"("Id") ON DELETE CASCADE;


--
-- Name: AspNetUserRoles FK_AspNetUserRoles_AspNetRoles_RoleId; Type: FK CONSTRAINT; Schema: public; Owner: postgres
--

ALTER TABLE ONLY public."AspNetUserRoles"
    ADD CONSTRAINT "FK_AspNetUserRoles_AspNetRoles_RoleId" FOREIGN KEY ("RoleId") REFERENCES public."AspNetRoles"("Id") ON DELETE CASCADE;


--
-- Name: AspNetUserRoles FK_AspNetUserRoles_AspNetUsers_UserId; Type: FK CONSTRAINT; Schema: public; Owner: postgres
--

ALTER TABLE ONLY public."AspNetUserRoles"
    ADD CONSTRAINT "FK_AspNetUserRoles_AspNetUsers_UserId" FOREIGN KEY ("UserId") REFERENCES public."AspNetUsers"("Id") ON DELETE CASCADE;


--
-- Name: AspNetUserTokens FK_AspNetUserTokens_AspNetUsers_UserId; Type: FK CONSTRAINT; Schema: public; Owner: postgres
--

ALTER TABLE ONLY public."AspNetUserTokens"
    ADD CONSTRAINT "FK_AspNetUserTokens_AspNetUsers_UserId" FOREIGN KEY ("UserId") REFERENCES public."AspNetUsers"("Id") ON DELETE CASCADE;


--
-- Name: ChatMessages FK_ChatMessages_AspNetUsers_ReceiverId; Type: FK CONSTRAINT; Schema: public; Owner: postgres
--

ALTER TABLE ONLY public."ChatMessages"
    ADD CONSTRAINT "FK_ChatMessages_AspNetUsers_ReceiverId" FOREIGN KEY ("ReceiverId") REFERENCES public."AspNetUsers"("Id") ON DELETE RESTRICT;


--
-- Name: ChatMessages FK_ChatMessages_AspNetUsers_SenderId; Type: FK CONSTRAINT; Schema: public; Owner: postgres
--

ALTER TABLE ONLY public."ChatMessages"
    ADD CONSTRAINT "FK_ChatMessages_AspNetUsers_SenderId" FOREIGN KEY ("SenderId") REFERENCES public."AspNetUsers"("Id") ON DELETE RESTRICT;


--
-- Name: Feedbacks FK_Feedbacks_AspNetUsers_ReviewerId; Type: FK CONSTRAINT; Schema: public; Owner: postgres
--

ALTER TABLE ONLY public."Feedbacks"
    ADD CONSTRAINT "FK_Feedbacks_AspNetUsers_ReviewerId" FOREIGN KEY ("ReviewerId") REFERENCES public."AspNetUsers"("Id") ON DELETE RESTRICT;


--
-- Name: Feedbacks FK_Feedbacks_AspNetUsers_UserId; Type: FK CONSTRAINT; Schema: public; Owner: postgres
--

ALTER TABLE ONLY public."Feedbacks"
    ADD CONSTRAINT "FK_Feedbacks_AspNetUsers_UserId" FOREIGN KEY ("UserId") REFERENCES public."AspNetUsers"("Id") ON DELETE RESTRICT;


--
-- Name: ListingPhotos FK_ListingPhotos_Listings_ListingId; Type: FK CONSTRAINT; Schema: public; Owner: postgres
--

ALTER TABLE ONLY public."ListingPhotos"
    ADD CONSTRAINT "FK_ListingPhotos_Listings_ListingId" FOREIGN KEY ("ListingId") REFERENCES public."Listings"("Id") ON DELETE CASCADE;


--
-- Name: Listings FK_Listings_AspNetUsers_UserId; Type: FK CONSTRAINT; Schema: public; Owner: postgres
--

ALTER TABLE ONLY public."Listings"
    ADD CONSTRAINT "FK_Listings_AspNetUsers_UserId" FOREIGN KEY ("UserId") REFERENCES public."AspNetUsers"("Id") ON DELETE CASCADE;


--
-- PostgreSQL database dump complete
--

